seed     , A_avg_resp            , A_avg_wait            , A_avg_serv         , A_utilization       , A_avg_num_job        , B_avg_resp          , B_avg_wait         , B_avg_serv          , B_utilization       , B_avg_num_job      , A1_avg_resp         , A1_avg_wait          , A1_avg_serv         , A2_avg_resp           , A2_avg_wait           , A2_avg_serv         , A3_avg_resp          , A3_avg_wait          , A3_avg_serv         , total_completed, system_avg_response_time, system_avg_service_time, system_utilization  , system_avg_wait     , job_arrived, completions_A1, completions_A2, completions_A3, completions_B, completions_P, horizon
123456789,     2.1167530111274813,     1.8834222025282332,  0.2333308085992481,   0.8719667527780467,     7.910392376499613,   26.982384847784328,   26.1756754529275 ,   0.8067093948568261,   0.977755965816752 ,   32.70345917015995,    1.820940030733409,    1.6207772411783563,  0.20016278955505254,     3.6314821959912775,     3.2311561184376063,  0.40032607755367094,    0.9023997225575343,    0.8023824122019636,  0.1000173103555707 ,            3996,        33.22162903716576,      1.8951193117230813,   2.3450633277706725,    31.32650972544268,        4080,           4073,           3999,           3996,          3914,          3998, 3229.2930770635453
123456789,     4.88790511828222  ,     4.424938248510333 ,  0.4629668697718868,   1.8301259448824376,    19.32207800851835 ,   73.27155064895368 ,   71.65690507999702,   1.614645568956669 ,   2.018238193604428 ,   91.58631768326374,    4.245812394135772,    3.8463997129450447,  0.39941268119072715,     8.343687367063007 ,     7.551754175631025 ,  0.791933191431981  ,    2.076280434297243 ,    1.8785309235340282,  0.19774951076321534,            4088,        84.91929335989441,      3.710130654339603 ,   4.8911562647262254,    81.2091627055548 ,        4080,           4085,           4085,           4088,          3876,          4086, 3100.905653806431
123456789,    16.585598046031386 ,    15.886127360536154 ,  0.6994706854952323,   2.9436700442732393,    69.79924841295175 ,  129.29045920625305 ,  126.76654858683663,   2.523910619416427 ,   3.1611443338842746,  161.9335484390659 ,   14.272416102895578,   13.671034214865891 ,  0.6013818880296858 ,    28.366638715340986 ,    27.169878221515663 ,  1.1967604938253205 ,    7.09900738378735  ,    6.799526970293028 ,  0.29948041349432086,            4055,       166.6891193410763 ,      5.558045144452216 ,   7.782797444216768 ,   161.13107419662407,        4080,           4068,           4064,           4055,          3627,          4064, 2895.8575913473314
123456789,    39.45575974129743  ,    38.50267530879164  ,  0.95308443250579  ,   4.051608292133811 ,   167.72835426551669 ,  184.05879580218433 ,  180.62753439825002,   3.4312614039343026,   4.27705691087219  ,  229.42872953075036,   33.71818211913338 ,   32.90996646624965  ,  0.8082156528837278 ,    67.80839434052267  ,    66.16712457513638  ,  1.6412697653862862 ,   16.870283297225523 ,   16.45962695220173  ,  0.4106563450237944 ,            3912,       285.24076531470126,      7.591393109535796 ,  10.631212144500813 ,   277.6493722051655 ,        4080,           4031,           3932,           3912,          3482,          3931, 2793.428391875861
123456789,   138.39086756782942  ,   137.13155003679944  ,  1.2593175310299727,   5.24592759620298  ,   576.4935795365094  ,  244.13226276970911 ,  239.75179621184046,   4.380466557868646 ,   5.482188962753543 ,  305.5334811320526 ,  117.25547269535569 ,  116.21927641255269  ,  1.0361962828030085 ,   239.38512615032096  ,   237.19121929327326  ,  2.193906857047722  ,   58.71643952943865  ,   58.16412965760408  ,  0.552309871834574  ,            3560,       662.6406241777879 ,     10.247162444270739 ,  13.685517010070306 ,   652.3934617335171 ,        4080,           3916,           3628,           3560,          3336,          3629, 2665.5842285505605
123456789,   347.86790467561127  ,   346.4229713241072   ,  1.4449333515040144,   6.08699227433107  ,  1465.4442338424356  ,  288.6680503770412  ,  283.6179913942287 ,   5.050058982812528 ,   6.316095654872488 ,  361.0363809397564 ,  298.85067870567326 ,  297.62881732931106  ,  1.2218613763621908 ,   598.1503028345915   ,   595.6575150885516   ,  2.492787746039907  ,  146.5074430770464   ,  145.88673683697067  ,  0.6207062400757242 ,            3779,      1331.0829037681508 ,     11.512471816174061 ,  15.826753839396293 ,  1319.5704319519768 ,        4080,           3981,           3820,           3779,          3438,          3820, 2748.8663458596693
123456789,   665.3641130994545   ,   663.6432902424922   ,  1.7208228569622865,   7.187153833563836 ,  2778.946256339359   ,  345.82167091526736 ,  339.881330849583  ,   5.940340065684432 ,   7.420027114047019 ,  431.96284159544666,  556.8900535198603  ,  555.4715399092989   ,  1.418513610561446  ,  1153.6891362137237   ,  1150.697546354679    ,  2.991589859044933  ,  284.74048186152834  ,  283.9879429599032   ,  0.7525389016251286 ,            3603,      2413.0898867083283 ,     13.986334418891344 ,  18.633854913042562 ,  2399.103552289437  ,        4080,           3996,           3696,           3603,          3378,          3695, 2704.3659589725394
123456789,   943.925011068622    ,   942.1450066781334   ,  1.7800043904885545,   7.6641595451451066,  4064.2550783243687  ,  371.41855623978955 ,  365.11318732120293,   6.305368918586626 ,   7.880087119659221 ,  464.1775316905083 ,  838.263996833819   ,  836.686455835513    ,  1.5775409983058961 ,  1607.760050252003    ,  1604.7290185856248   ,  3.03103166637826   ,  389.3967942900539   ,  388.6585854140086   ,  0.7382088760452675 ,            4244,      3115.0331118034355 ,     13.6441952978314   ,  19.853920886593148 ,  3101.3889165056044 ,        4080,           4114,           4200,           4244,          3645,          4201, 2916.6009663662408
123456789,  1167.565535811725    ,  1165.6365998251806   ,  1.9289359865444475,   8.430404169640203 ,  5102.838782674427   ,  410.4492101196683  ,  403.52923543287926,   6.919974686788972 ,   8.639745995127944 ,  512.4551865926463 , 1048.1278603266583  , 1046.3900317260004   ,  1.737828600657803  ,  1966.1823785168976   ,  1962.938118124032    ,  3.2442603928660203 ,  484.8584354016427   ,  484.0591938979091   ,  0.7992415037335661 ,            4478,      3775.603326945517  ,     14.673040481165051 ,  21.841129312059937 ,  3760.930286464352  ,        4080,           4212,           4458,           4478,          3756,          4457, 3008.3552153311284
123456789,  1182.2823951968733   ,  1180.2839100333415   ,  1.9984851635319876,   8.949888437639704 ,  5294.658039941015   ,  428.20339941726485 ,  420.9371023708455 ,   7.266297046419404 ,   9.147720770332603 ,  539.075832676914  , 1115.9167495243155  , 1114.0292177176996   ,  1.8875318066157676 ,  1971.0742966925      ,  1967.743843641006    ,  3.330453051494031  ,  476.14141843819215  ,  475.33628517066995  ,  0.8051332675222143 ,            5065,      3677.406347451581  ,     14.618718259551404 ,  23.211050336973607 ,  3662.7876291920297 ,        4080,           4323,           4898,           5065,          4016,          4899, 3190.0240148409466
123456789,  1381.392692989187    ,  1378.8261976449216   ,  2.5664953442652103,   8.854044005161738 ,  4765.60836919689    ,  430.3952610433218  ,  422.4451397839609 ,   7.95012125936092  ,   9.146745236322332 ,  495.17682501363095, 1183.650667067831   , 1181.4502119506997   ,  2.200455117131079  ,  2368.8048422884217   ,  2364.40556621463     ,  4.399276073791643  ,  591.722569611412    ,  590.6228147695391   ,  1.0997548418728185 ,            4079,      4579.1833891705    ,     20.052524733322002 ,  23.059453013769726 ,  4559.130864437178  ,        4080,           4079,           4079,           4079,          4081,          4079, 3547.1027148119174
123456789,  1378.781800314243    ,  1375.988482492346    ,  2.793317821896781 ,   8.740084553813865 ,  4314.10612195331    ,  434.114462901441   ,  425.3845203021079 ,   8.729942599333157 ,   9.108825499076426 ,  452.95519921248547, 1183.8185366000016  , 1181.4191736987525   ,  2.399362901249292  ,  2361.6401403958967   ,  2356.8571870686897   ,  4.78295332720735   ,  590.0749923309055   ,  588.8789962113248   ,  1.195996119580717  ,            4093,      4571.326311748089  ,     21.882193553115748 ,  22.843051261846124 ,  4549.444118194973  ,        4080,           4081,           4094,           4093,          4091,          4094, 3920.8342697412663
123456789,  1470.913958207162    ,  1467.7085114593838   ,  3.2054467477781285,   9.879470925518463 ,  4533.487163410144   ,  478.5178022500429  ,  468.3228466378201 ,  10.194955612222827 ,  10.357743689048839 ,  486.1585410348104 , 1218.444997827638   , 1215.7830382350794   ,  2.6619595925586803 ,  2558.3231895206204   ,  2552.7534104293754   ,  5.569779091244817  ,  643.0995504904807   ,  641.6997649801589   ,  1.3997855103218502 ,            3767,      4994.88367333948   ,     25.715547283849716 ,  25.872041788524054 ,  4969.168126055631  ,        4080,           3981,           3792,           3767,          3804,          3792, 3744.2142143273086
123456789,  1500.4524968566618   ,  1497.353928579406    ,  3.098568277255699 ,  13.397338743694332 ,  6487.535071202111   ,  542.0011323741727  ,  530.4704193778432 ,  11.530712996329518 ,  13.958475769393642 ,  656.1181147806797 , 1319.8843534616128  , 1317.150083181752    ,  2.7342702798605316 ,  2547.636722692101    ,  2542.3857900080816   ,  5.250932684019204  ,  631.2922683456217   ,  629.9866907238211   ,  1.305577621800611  ,            4373,      4879.461182731149  ,     23.88784923110701  ,  35.00987978506243  ,  4855.573333500042  ,        4080,           4178,           4350,           4373,          3612,          4349, 2983.77387551617
123456789,  1576.0286509014713   ,  1572.5424611228264   ,  3.486189778645039 ,   9.742864858072618 ,  4404.531919702751   ,  482.32618314581623 ,  471.33645789791507,  10.98972524790115  ,  10.215177636823434 ,  448.3321947167448 , 1351.8664605435592  , 1348.8672446650994   ,  2.999215878459635  ,  2702.911850151031    ,  2696.944322115926    ,  5.967528035105221  ,  672.8206157079262   ,  671.32982399051     ,  1.490791717416297  ,            4105,      5203.89426864659   ,     27.340342774221963 ,  25.525341857569796 ,  5176.5539258723675 ,        4080,           4081,           4102,           4105,          4087,          4103, 4396.889480048143
123456789,  1586.2541627583432   ,  1582.5135063543942   ,  3.7406564039490364,  10.502556374692835 ,  4453.6899329681555  ,  487.668405838615   ,  475.82898258945585,  11.839423249159191 ,  11.074076618020655 ,  456.14361247101664, 1352.7663955799032  , 1349.5664445995133   ,  3.199950980390014  ,  2727.339382970758    ,  2720.9203573209297   ,  6.419025649827774  ,  679.403043871297    ,  677.7983229467845   ,  1.6047209245123668 ,            4067,      5258.159991956663  ,     29.49805520498823  ,  27.57762387466419  ,  5228.661936751675  ,        4080,           4080,           4067,           4067,          4069,          4067, 4350.214908431735
123456789,  1580.2244560227878   ,  1576.2666040015233   ,  3.95785202126458  ,  12.199193992837998 ,  4870.6885926193645  ,  489.11175016168653 ,  476.5429742027312 ,  12.568775958955317 ,  12.926113034189825 ,  503.01746085589923, 1353.4694744276198  , 1350.0695234472303   ,  3.399950980389512  ,  2710.76641821994     ,  2703.989801037509    ,  6.776617182430954  ,  675.4410530606414   ,  673.7465258190117   ,  1.6945272416296442 ,            4093,      5231.930367809271  ,     31.20893494866541  ,  32.09622179124726  ,  5200.721432860606  ,        4080,           4080,           4094,           4093,          4093,          4093, 3979.8506994278723
123456789,  1588.6721903176517   ,  1584.4629225231542   ,  4.209267794497489 ,  14.382364856087799 ,  5428.227471708382   ,  502.4023051554988  ,  488.9455833136716 ,  13.45672184182725  ,  15.30637465622317  ,  571.4584875313161 , 1354.501453577997   , 1350.9015025976078   ,  3.5999509803891896 ,  2732.156758116375    ,  2724.9318456837473   ,  7.224912432627618  ,  680.4458838245969   ,  678.6401041885937   ,  1.8057796360031846 ,            4066,      5280.5978077781565 ,     33.31779225914248  ,  37.90671101337464  ,  5247.280015519014  ,        4080,           4080,           4065,           4066,          4065,          4066, 3573.7772996943822
123456789,  1589.7768563009638   ,  1585.335859958202    ,  4.4409963427617525,  16.641111253208255 ,  5957.143733432541   ,  544.6851061530631  ,  530.1518039267892 ,  14.53330222627378  ,  17.756096468897365 ,  665.4703204713495 , 1357.6773160860612  , 1353.8728537116713   ,  3.8044623743900594 ,  2731.1295799916297   ,  2723.51507010648     ,  7.614509885149612  ,  680.5283767517149   ,  678.6243577332643   ,  1.904019018450443  ,            4070,      5312.33229837353   ,     35.168293388321544 ,  43.90546565039964  ,  5277.1640049852085 ,        4080,           4075,           4071,           4070,          3983,          4071, 3260.071427785115
123456789,  1608.4740087867435   ,  1603.7570679298967   ,  4.7169408568468505,  18.98782990864167  ,  6474.838633387028   ,  628.2803589712769  ,  611.9597975487543 ,  16.320561422522598 ,  20.25768784881274  ,  779.8449492072012 , 1360.3090006567982  , 1356.3054076177234   ,  4.0035930390746195 ,  2776.5396757055973   ,  2768.4146357602062   ,  8.125039945391276  ,  692.0125407727071   ,  689.9804904511607   ,  2.032050321546423  ,            4011,      5444.839772037268  ,     37.53921691232291  ,  50.09188815602657  ,  5407.300555124944  ,        4080,           4076,           4013,           4011,          3731,          4013, 3005.871900183345
123456789,  1604.6621685311031   ,  1599.7545008164068   ,  4.907667714696226 ,  20.584596557296816 ,  6730.554159373106   ,  691.7287375254629  ,  674.2003597868444 ,  17.528377738618403 ,  21.915888670563543 ,  864.8746751068375 , 1369.8349162891598  , 1365.6302248569486   ,  4.204691432211235  ,  2756.9159954714605   ,  2748.502116463492    ,  8.413879007968355  ,  687.1308754573736   ,  685.0267841875259   ,  2.1040912698476784 ,            4067,      5445.451867353341  ,     38.83974070144603  ,  54.258336227868874 ,  5406.612126651895  ,        4080,           4075,           4069,           4067,          3640,          4069, 2911.2803011391807
123456789,  1719.7609712617925   ,  1714.4087643832445   ,  5.352206878547778 ,  22.606616416402943 ,  7263.915145179276   ,  777.5047849538341  ,  758.2795848133194 ,  19.225200140514755 ,  24.004006836442052 ,  970.7690966539158 , 1427.918117216898   , 1423.4564265644758   ,  4.461690652422328  ,  2984.6116811965107   ,  2975.342968309125    ,  9.268712887385908  ,  749.9016909756598   ,  747.5663874548227   ,  2.3353035208370767 ,            3829,      5974.216466081767  ,     43.10628667246013  ,  59.50950800460164  ,  5931.1101794093065 ,        4080,           4022,           3864,           3829,          3463,          3862, 2773.573118031607
123456789,  1804.1961963516742   ,  1798.6011349154646   ,  5.595061436209584 ,  23.708615379303488 ,  7645.13386953663    ,  832.0305125180779  ,  811.920888588824  ,  20.10962392925392  ,  25.11231069570505  , 1039.0153894556631 , 1515.097353541869   , 1510.3823794184284   ,  4.714974123440685  ,  3111.338370088298    ,  3101.708614356434    ,  9.629755731863764  ,  782.4362847173696   ,  780.0077361717739   ,  2.4285485455957465 ,            3841,      6252.347176380365  ,     44.813590760683496 ,  62.34039085861172  ,  6207.533585619682  ,        4080,           3977,           3882,           3841,          3448,          3881, 2761.115221464919
123456789,  2002.2246589396548   ,  1996.2966786121842   ,  5.927980327470695 ,  24.95017449526646  ,  8427.128947741388   ,  889.8237113699787  ,  868.7502464016634 ,  21.073464968315278 ,  26.368171591602728 , 1113.3918576255917 , 1651.4194936471733  , 1646.5213062049525   ,  4.8981874422208636 ,  3494.1927525782967   ,  3483.8628332231388   , 10.32991935515777   ,  873.8273527109567   ,  871.234205415167    ,  2.5931472957896706 ,            3742,      6979.055577051628  ,     47.86294384792417  ,  65.52713053946367  ,  6931.192633203704  ,        4080,           3993,           3769,           3742,          3420,          3771, 2733.26688357073
123456789,  2234.498080500998    ,  2228.377254752215    ,  6.120825748783461 ,  25.734261682163382 ,  9394.673315660628   ,  934.4257974677998  ,  912.7301243497037 ,  21.695673118096046 ,  27.139987772455182 , 1168.9107122650234 , 1855.845106847108   , 1850.762951338945    ,  5.082155508162948  ,  3878.385712351541    ,  3867.772292298572    , 10.613420052968202  ,  972.440202387023    ,  969.7643738623274   ,  2.675828524695715  ,            3768,      7740.312931166159  ,     49.40121779837787  ,  67.51369438805015  ,  7690.911713367781  ,        4080,           4008,           3816,           3768,          3449,          3817, 2757.1263926750107
123456789,  2394.2879263347986   ,  2388.2724513641065   ,  6.015474970691871 ,  25.780175262608775 , 10261.062122407917   ,  949.78783405242    ,  928.092313843044  ,  21.695520209375964 ,  27.133784677127025 , 1187.8645143984998 , 2065.279485701036   , 2060.0876582166916   ,  5.191827484344321  ,  4075.7268903352942   ,  4065.498489912701    , 10.228400422593465  , 1022.3463655652754   , 1019.7690559391028   ,  2.5773096261727306 ,            4071,      8062.763001178116  ,     47.53582688165512  ,  67.58621732967053  ,  8015.22717429646   ,        4080,           4080,           4120,           4071,          3581,          4119, 2863.2812854620715
123456789,  2444.0512357423117   ,  2438.242815489649    ,  5.808420252663244 ,  25.459440139099176 , 10712.75379992384    ,  951.1300671661259  ,  929.7500545550942 ,  21.380012611031727 ,  26.743703264111765 , 1189.743932552249  , 2186.619506267257   , 2181.409355287094    ,  5.210150980162246  ,  4152.188748728927    ,  4142.33512023792     ,  9.853628491006456  , 1011.3727108424802   , 1008.9677245698228   ,  2.404986272657284  ,            4550,      7904.223681308026  ,     44.24952323273919  ,  66.7139452609077   ,  7859.974158075287  ,        4080,           4225,           4453,           4550,          3775,          4454, 3017.889736869445
123456789,  2399.3941101619007   ,  2393.632635078372    ,  5.761475083528461 ,  24.467504707448832 , 10189.610444250617   ,  922.5662228349809  ,  901.9160119683833 ,  20.650210866597643 ,  25.68519442130348  , 1147.5085147132108 , 2224.6449082921013  , 2219.292882056452    ,  5.352026235649216  ,  4010.158466205025    ,  4000.5409935288903   ,  9.617472676134573  ,  977.9623108665836   ,  975.6113950402844   ,  2.350915826299321  ,            4859,      7634.722154921035  ,     43.13624611177342  ,  64.13381344661555  ,  7591.585908809262  ,        4080,           4269,           4751,           4859,          4065,          4751, 3268.1515193475207
123456789,  2721.986714839887    ,  2715.2203121410125   ,  6.766402698874486 ,  23.830671314154966 ,  9586.59624760963    ,  935.0991057565243  ,  913.6999849568285 ,  21.399120799695673 ,  25.091149684486442 , 1096.4334400458192 , 2329.394050819168   , 2323.59270203464     ,  5.801348784528249  ,  4670.755082824905    ,  4659.158436269477    , 11.596646555429011  , 1165.2371478780842   , 1162.3373555375385   ,  2.899792340545576  ,            4080,      9111.512511176019  ,     53.271320169873924 ,  62.53895794341578  ,  9058.241191006146  ,        4080,           4079,           4081,           4080,          4075,          4081, 3475.3854787560995
123456789,  2725.043679356045    ,  2718.0390104111884   ,  7.004668944856333 ,  22.734749456782872 ,  8844.55579509477    ,  941.1097089125285  ,  918.9156660063119 ,  22.19404290621661  ,  24.00552390063325  , 1017.9232195721164 , 2329.69791781348    , 2323.6980035780825   ,  5.999914235397879  ,  4679.462281954695    ,  4667.448599553685    , 12.013682401010561  , 1166.8383068107246   , 1163.8356816880566   ,  3.0026251226680474 ,            4076,      9130.256922407105  ,     55.22370577781763  ,  59.73107263659542  ,  9075.033216629286  ,        4080,           4080,           4075,           4076,          4076,          4075, 3768.4209376223007
123456789,  2718.846121241787    ,  2711.6258735845845   ,  7.220247657202605 ,  20.779675598073354 ,  7824.764894889119   ,  942.0467310731971  ,  919.1129410071318 ,  22.933790066065246 ,  21.999146285698167 ,  903.6545544867579 , 2330.2856076267785  , 2324.085686849176    ,  6.199920777602519  ,  4662.350842012335    ,  4649.984379044846    , 12.366462967489037  , 1162.8571412555634   , 1159.7655255136908   ,  3.0916157418726096 ,            4091,      9102.719953205344  ,     56.919158340929094 ,  54.652911928958744 ,  9045.800794864415  ,        4080,           4080,           4091,           4091,          4087,          4091, 4260.638062166239
123456789,  2725.261995203867    ,  2717.7930675919297   ,  7.468927611937585 ,  20.639091091205344 ,  7530.790695643264   ,  947.0870666820547  ,  923.3021752599308 ,  23.784891422123973 ,  21.904898434130622 ,  872.2279045029383 , 2330.253457482002   , 2323.855074732681    ,  6.398382749320738  ,  4678.3142704121365   ,  4665.508385174276    , 12.805885237860313  , 1167.1267644315042   , 1163.9245082971668   ,  3.2022561343375253 ,            4077,      9139.256617916128  ,     59.01569425538624  ,  54.337678658354825 ,  9080.240923660742  ,        4080,           4081,           4078,           4077,          4078,          4078, 4427.995295713918
123456789,  2727.0493933741377   ,  2719.3440624521595   ,  7.705330921978086 ,  21.387232683162523 ,  7569.310196426598   ,  950.5359613372007  ,  925.9452250864038 ,  24.590736250796954 ,  22.751685526616324 ,  879.4488726779394 , 2331.4021766904034  , 2324.8022257100174   ,  6.599950980386025  ,  4682.912735535439    ,  4669.697274797592    , 13.215460737846291  , 1167.7013866906518   , 1164.398369026272    ,  3.3030176643800555 ,            4076,      9147.136566420748  ,     60.93050397481328  ,  56.35990841407752  ,  9086.206062445935  ,        4080,           4080,           4075,           4076,          4077,          4075, 4406.54964122166
123456789,  2723.510064091653    ,  2715.583386540634    ,  7.926677551018921 ,  23.11573829211627  ,  7942.286723823513   ,  952.3380963588087  ,  926.9836820789471 ,  25.354414279861608 ,  24.64412769476713  ,  925.6589955579926 , 2331.9990074770385  , 2325.1990564966527   ,  6.799950980385446  ,  4672.630753974913    ,  4659.047791918612    , 13.582962056300687  , 1165.4212251219167   , 1162.0254846078362   ,  3.395740514080445  ,            4085,      9132.651440038162  ,     62.695293391625086 ,  60.96877767724306  ,  9069.956146646537  ,        4080,           4080,           4085,           4085,          4083,          4085, 4200.679155166712
123456789,  2734.438327135579    ,  2726.2491105827016   ,  8.189216552877344 ,  25.926333407905044 ,  8656.989260805663   ,  961.9047269303009  ,  935.6303346785465 ,  26.274392251754264 ,  27.697931752171673 , 1014.0204661376304 , 2333.911508529354   , 2326.908201018845    ,  7.003307510509136  ,  4698.291737954012    ,  4684.238588347716    , 14.053149606295854  , 1172.1070706018145   , 1168.5929431098077   ,  3.514127492006618  ,            4063,      9190.281219033872  ,     64.93736601996923  ,  68.43881062965968  ,  9125.343853013903  ,        4080,           4078,           4064,           4063,          4064,          4063, 3855.130089370563
123456789,  2736.6609253507836   ,  2728.235561929661    ,  8.425363421122857 ,  29.698782606461663 ,  9646.527256714995   ,  972.4361669088995  ,  945.3995643582576 ,  27.036602550641938 ,  31.790774122741432 , 1143.4313343579222 , 2335.0566193974096  , 2327.853228144174    ,  7.203391253235863  ,  4701.717922780346    ,  4687.260998250488    , 14.45692452985825   , 1173.536733014381    , 1169.919997742064    ,  3.6167352723170625 ,            4060,      9213.436539291695  ,     66.89015553753109  ,  78.45900870972122  ,  9146.546383754165  ,        4080,           4078,           4063,           4060,          4070,          4061, 3461.349256745423
123456789,  2748.9580976678258   ,  2740.267578508711    ,  8.690519159114992 ,  33.16392569557678  , 10490.310236033572   , 1039.4876128814271  , 1010.7273353311837 ,  28.760277550243455 ,  35.53967168939436  , 1284.5164106104205 , 2335.599822693674   , 2328.199976639115    ,  7.3998460545591245 ,  4736.485779391979    ,  4721.53184928248     , 14.95393010949952   , 1180.4609544265406   , 1176.7254192558303   ,  3.7355351707102655 ,            4039,      9300.658707960849  ,     69.1223849509657   ,  87.65118994087808  ,  9231.536323009883  ,        4080,           4080,           4036,           4039,          3936,          4039, 3185.1856546986382
123456789,  2802.3264904136463   ,  2793.2821451203463   ,  9.044345293300042 ,  37.69547280528801  , 11679.67592846982    , 1186.0395138169804  , 1153.7868115399772 ,  32.252702277003095 ,  40.34638346238222  , 1483.6711855960393 , 2369.876282500709   , 2362.209625347563    ,  7.666657153145676  ,  4821.774165041998    ,  4806.233256729803    , 15.540908312196093  , 1210.7332485067839   , 1206.822849152261    ,  3.910399354523098  ,            3960,      9579.090797166034  ,     72.34207573410357  ,  99.57327912006895  ,  9506.748721431932  ,        4080,           4044,           3987,           3960,          3599,          3986, 2877.023057175902
123456789,  2902.7439392728506   ,  2893.295004352635    ,  9.44893492021574  ,  39.981367834911026 , 12282.407927091179   , 1278.8274715597606  , 1244.6232721457309 ,  34.20419941402965  ,  42.72270825940833  , 1597.3176954159214 , 2422.8702246049043  , 2414.9642304008944   ,  7.905994204009892  ,  5034.32688421214     ,  5017.961536889468    , 16.3653473226712    , 1260.848791178793    , 1256.7420647751942   ,  4.1067264035988424 ,            3865,     10007.380780540832  ,     75.96172182268916  , 105.52827410602973  ,  9931.419058718144  ,        4080,           4024,           3883,           3865,          3475,          3882, 2782.117468818891
123456789,  3131.872894787465    ,  3121.8493307685      , 10.023564018965546 ,  42.12135298346337  , 13160.860094381713   , 1368.53904520601    , 1332.5092339177602 ,  36.02981128824976  ,  44.94085700116131  , 1707.0119251822705 , 2567.637020998435   , 2559.4062928207263   ,  8.230728177709132  ,  5451.580272275984    ,  5434.152158444677    , 17.4281138313061    , 1380.995352628364    , 1376.569494484162    ,  4.425858144202015  ,            3670,     10976.142543208272  ,     81.87891975212598  , 111.08935694049634  , 10894.263623456147  ,        4080,           3963,           3734,           3670,          3374,          3735, 2704.990322801663
123456789,  3316.0540517585077   ,  3305.9239501365714   , 10.13010162193643  ,  42.57316989245924  , 13936.181273086415   , 1396.6190758796995  , 1360.3890433631047 ,  36.23003251659491  ,  45.355979827036755 , 1748.4120833355482 , 2745.188926933271   , 2736.8010526033336   ,  8.387874329937697  ,  5773.407447385892    ,  5755.7843844085155   , 17.623062977376065  , 1446.023223814482    , 1441.593578249663    ,  4.429645564818879  ,            3752,     11474.577883128437  ,     81.95345203786117  , 112.1954365954868   , 11392.624431090575  ,        4080,           3985,           3781,           3752,          3431,          3782, 2740.6582778824377
123456789,  3638.154148431433    ,  3627.739729486215    , 10.41441894521815  ,  43.85235554906134  , 15319.302027172846   , 1463.048143738245   , 1425.6429481287341 ,  37.405195609511026 ,  46.65341455038081  , 1824.778361528738  , 3017.067596315966   , 3008.4455766455903   ,  8.622019670376016  ,  6306.192001035778    ,  6288.145971708139    , 18.046029327639694  , 1589.6921104308321   , 1585.1201447822693   ,  4.571965648562601  ,            3717,     12576.800002125798  ,     84.59676015522133  , 115.4862063844777   , 12492.203241970576  ,        4080,           3970,           3778,           3717,          3396,          3777, 2722.802725462301
123456789,  4117.396290804086    ,  4106.586416928295    , 10.809873875790705 ,  44.932558972730426 , 17114.459777831922   , 1510.5323088060336  , 1472.3829773571124 ,  38.14933144892118  ,  47.73874094906439  , 1890.2273734949708 , 3398.205215202221   , 3389.3179622613416   ,  8.887252940879272  ,  7149.053792131437    ,  7130.285532994742    , 18.768259136694315  , 1802.1335442613715   , 1797.3638982753716   ,  4.769645985999724  ,            3640,     14209.079417434941  ,     88.28786303096129  , 118.24418331615958  , 14120.79155440398   ,        4080,           3942,           3715,           3640,          3401,          3715, 2717.8319678815024
123456789,  4268.668314112934    ,  4258.399698153347    , 10.26861595958752  ,  44.00511344874285  , 18292.94562936786    , 1497.4927704060967  , 1460.1552545809225 ,  37.33751582517428  ,  46.6909202892413   , 1872.6290175310512 , 3650.426723573831   , 3641.676618036152    ,  8.75010553767921   ,  7368.147104328095    ,  7350.421900385636    , 17.725203942458943  , 1811.9185404078032   , 1807.528706121678    ,  4.389834286125152  ,            4047,     14167.070507079921  ,     81.21005839078367  , 115.73890500345053  , 14085.860448689138  ,        4080,           4097,           4025,           4047,          3551,          4026, 2839.6424374129274
123456789,  4141.983547486237    ,  4132.700853267827    ,  9.2826942184093   ,  41.1210471845869   , 18348.412312901863   , 1413.5787648180526  , 1378.7392107193707 ,  34.83955409868202  ,  43.56979403537824  , 1767.7991934528477 , 3796.7492444320956  , 3788.2350662032927   ,  8.51417822880256   ,  6935.157982035639    ,  6919.628072660437    , 15.529909375201886  , 1699.907998119279    , 1696.0905295160396   ,  3.8174686032395284 ,            4778,     13128.052133452065  ,     70.48350676974033  , 108.12823296399188  , 13057.568626682325  ,        4080,           4309,           4710,           4778,          3895,          4709, 3114.544519172603
123456789,  4025.30732838821     ,  4016.4086927744947   ,  8.898635613714815 ,  40.26665413555872  , 18214.664024642967   , 1397.2098285630798  , 1363.1338859182072 ,  34.075942644872555 ,  42.60497239929211  , 1746.9241218747893 , 3869.651609834958   , 3861.083977041921    ,  8.567632793037001  ,  6662.230491724473    ,  6647.5165105974875   , 14.713981126985649  , 1606.5160381190349   , 1602.9618774504308   ,  3.554160668603969  ,            5278,     12349.823671951848  ,     65.42884750447845  , 105.87754059990735  , 12284.39482444737   ,        4080,           4381,           5100,           5278,          4078,          5101, 3261.630891423818
123456789,  4784.24376862468     ,  4773.437120183346    , 10.806648441333374 ,  38.11452819763969  , 16873.797182683986   , 1388.9928991507784  , 1354.600573910396  ,  34.39232524038229  ,  40.391039688507334 , 1631.2612457729342 , 4148.092565732863   , 4138.711051793769    ,  9.381513939093294  ,  8163.88450116056     ,  8145.459747063334    , 18.424754097226064  , 2033.9180486884143   , 2029.3196074414038   ,  4.59844124701022   ,            4170,     15646.683088962776  ,     84.69497301775272  , 100.2851554511333   , 15561.988115945023  ,        4080,           4088,           4163,           4170,          4136,          4163, 3521.7379471094755
123456789,  4852.236724303218    ,  4841.045010693943    , 11.191713609274474 ,  34.72879185957788  , 15056.882720094065   , 1411.7652498718119  , 1376.1267487696778 ,  35.63850110213417  ,  36.86304975786425  , 1460.2738904002838 , 4155.90144132209    , 4146.3038426943085   ,  9.597598627782306  ,  8323.199697023243    ,  8304.018600059488    , 19.181096963756286  , 2077.0975248039495   , 2072.3022505629997   ,  4.795274240949928  ,            4084,     15983.746511071671  ,     88.37779138099876  ,  91.43686553719594  , 15895.368719690672  ,        4080,           4081,           4084,           4084,          4083,          4084, 3947.3673761615646
123456789,  4860.480741890368    ,  4849.038302335       , 11.442439555368498 ,  32.96415657760648  , 14002.40284799609    , 1417.604189736729   , 1381.1037757082338 ,  36.50041402849529  ,  35.04522482360566  , 1361.0875071560674 , 4157.519920472852   , 4147.719969492463    ,  9.799950980389598  ,  8342.796570864273    ,  8323.17305288584     , 19.62351797843324   , 2081.9882629453136   , 2077.0823979146267   ,  4.905865030686622  ,            4075,     16024.98153391069   ,     90.47418977724217  ,  86.84587596382926  , 15934.507344133448  ,        4080,           4080,           4075,           4075,          4076,          4075, 4245.2484847503365
123456789,  4861.941743520247    ,  4850.2640598476555   , 11.677683672591048 ,  32.225450222535954 , 13416.895510573251   , 1420.5003241730196  , 1383.2089463051136 ,  37.29137786790629  ,  34.31120719894333  , 1306.979890137352  , 4158.0819555514145  , 4148.0820045710225   ,  9.999950980392327  ,  8343.950301690884    ,  8323.92669802993     , 20.023603660954546  , 2083.292850897523    , 2078.284569279539    ,  5.00828161798393   ,            4073,     16038.497191607885  ,     92.42014817476846  ,  84.95088884951913  , 15946.077043433117  ,        4080,           4080,           4075,           4073,          4077,          4074, 4431.116243911587
123456789,  4850.277800037282    ,  4838.396349674279    , 11.881450363002747 ,  31.81666215277496  , 12988.283870748775   , 1420.1558541712936  , 1382.1471859542714 ,  38.008668217022134 ,  33.92431821510858  , 1267.548203395875  , 4158.617550034021   , 4148.417599053626    , 10.199950980395052  ,  8316.469798427193    ,  8296.114895027837    , 20.354903399356193  , 2074.902430495206    , 2069.814973282476    ,  5.087457212730338  ,            4090,     15976.905518533216  ,     93.93381866374423  ,  83.92191768721675  , 15882.971699869471  ,        4080,           4080,           4089,           4090,          4086,          4089, 4577.937789346237
123456789,  4864.161672678476    ,  4852.014812681721    , 12.146859996754536 ,  35.91996503475593  , 14384.006834086635   , 1428.3064163772904  , 1389.385072216234  ,  38.921344161056325 ,  38.35273528577537  , 1407.4400325850913 , 4159.295813222243   , 4148.895862241846    , 10.399950980397245  ,  8350.496718077473    ,  8329.661792913577    , 20.834925163894393  , 2083.903893803954    , 2078.695187659158    ,  5.208706144795763  ,            4073,     16050.336692975206  ,     96.2272198459002   ,  94.79814441596201  , 15954.109473129307  ,        4080,           4080,           4073,           4073,          4074,          4074, 4134.400191554363
123456789,  4858.795506494557    ,  4846.431208638277    , 12.364297856280276 ,  40.377931975501525 , 15867.307365493354   , 1432.6789751143415  , 1393.0150057360831 ,  39.6639693782583   ,  43.1696547532045   , 1559.3057804689345 , 4161.169615689858   , 4150.567082138366    , 10.602533551492012  ,  8335.81847185937     ,  8314.624450786112    , 21.19402107325704   , 2079.737517006236    , 2074.440309754869    ,  5.2972072513670305 ,            4082,     16024.791182991852  ,     97.91414243501723  , 106.62048731226147  , 15926.877040556836  ,        4080,           4079,           4081,           4082,          4080,          4081, 3748.6747574992187
123456789,  4913.610653848416    ,  4900.877379275433    , 12.733274572984081 ,  45.45680531423816  , 17541.20996933859    , 1476.516773136489   , 1435.253607118544  ,  41.263166017945    ,  48.660107689285546 , 1741.200981878417  , 4164.456641019203   , 4153.648884873946    , 10.807756145257384  ,  8473.214162774271    ,  8451.277110981453    , 21.93705179281881   , 2114.540240110204    , 2109.055977161976    ,  5.484262948228193  ,            4016,     16308.037275895485  ,    101.42905524797912  , 120.08993551388909  , 16206.608220647506  ,        4080,           4077,           4016,           4016,          4000,          4016, 3391.9502423978993
123456789,  4870.116350237721    ,  4857.268842033756    , 12.847508203965576 ,  49.483300067178156 , 18757.678523723276   , 1525.8370289818247  , 1483.3180113333403 ,  42.51901764848429  ,  52.99878522912951  , 1901.9138603392344 , 4171.90624746149    , 4160.884922728602    , 11.02132473288792   ,  8351.12803602278     ,  8329.117581244682    , 22.0104547780968    , 2085.0922755204406   , 2079.5873720007717   ,  5.504903519668664  ,            4075,     16112.452405388422  ,    101.83636174294362  , 130.75457653021599  , 16010.616043645477  ,        4080,           4072,           4077,           4075,          3956,          4077, 3173.7564000797865
123456789,  4916.018801582601    ,  4902.838255286691    , 13.180546295910721 ,  55.36797878962625  , 20650.890989235897   , 1727.906290853523   , 1680.3276412700347 ,  47.578649583488016 ,  59.25107749943791  , 2151.8120091129927 , 4171.734794833073   , 4160.5324351002255   , 11.202359732847723  ,  8462.53425832882     ,  8439.86662324235     , 22.667635086470945  , 2116.585121605363    , 2110.90617810359     ,  5.678943501773049  ,            4021,     16397.960976151706  ,    105.0273191920947   , 146.25166248202947  , 16292.93365695961   ,        4080,           4079,           4030,           4021,          3596,          4030, 2887.590084819065
123456789,  4973.506002655864    ,  4960.026729240705    , 13.479273415158914 ,  57.52900946006938  , 21226.728256341095   , 1811.8830755415534  , 1762.58570968917   ,  49.297365852383535 ,  61.49353423593954  , 2260.1429510649364 , 4227.087373265575   , 4215.612423639199    , 11.474949626375544  ,  8553.7387129768      ,  8530.578636521337    , 23.16007645546179   , 2139.8847752973716   , 2134.08163052553     ,  5.803144771841742  ,            4004,     16613.502010132193  ,    107.28696706327717  , 151.88615944851867  , 16506.215043068918  ,        4080,           4053,           4014,           4004,          3528,          4014, 2828.282824986207
123456789,  5380.163462306216    ,  5365.5803338453525   , 14.583128460863412 ,  61.08171921096246  , 22534.920047890122   , 1940.1470877794281  , 1887.9671103896499 ,  52.1799773897783   ,  65.22216012284824  , 2425.0793187544764 , 4405.993668918787   , 4394.031469442429    , 11.962199476358052  ,  9361.081462648714    ,  9335.732459625904    , 25.349003022808283  , 2377.971994420126    , 2371.522583509322    ,  6.449410910804001  ,            3660,     18494.27072269741   ,    119.25804633762867  , 161.1763789948572   , 18375.01267635978   ,        4080,           3955,           3728,           3660,          3385,          3728, 2708.1167371904303
123456789,  5477.953915314617    ,  5463.349377452828    , 14.604537861788693 ,  61.36604964551698  , 23017.530243293822   , 1967.225194197419   , 1914.869839184733  ,  52.3553550126856   ,  65.45797870170452  , 2459.549454531066  , 4532.190958999342   , 4520.094668862882    , 12.096290136459348  ,  9496.781704731817    ,  9471.483881406304    , 25.297823325514372  , 2403.002303592667    , 2396.588350233262    ,  6.413953359405102  ,            3739,     18697.200453664773  ,    118.6102421005139   , 161.84220266589907  , 18578.59021156426   ,        4080,           3978,           3797,           3739,          3426,          3797, 2740.2228090613207
123456789,  5585.95509760728     ,  5571.465964893958    , 14.489132713322595 ,  61.3547275778159   , 23653.91773659959    , 1981.4098159212297  , 1929.2311894289335 ,  52.17862649229615  ,  65.37922100505398  , 2482.6837915295378 , 4701.354803210733   , 4689.150913362828    , 12.203889847904472  ,  9660.0777795535      ,  9635.040428113845    , 25.037351439653765  , 2412.204550065933    , 2405.9377147003183   ,  6.266835365614384  ,            3889,     18749.73450988722   ,    115.8693681759035   , 161.73493260047076  , 18633.865141711318  ,        4080,           4009,           3900,           3889,          3491,          3900, 2786.138811144978
123456789,  5975.137891362818    ,  5960.180524020173    , 14.95736734264472  ,  63.00050685290855  , 25167.311001223046   , 2058.3457000210874  , 2004.7011673019233 ,  53.6445327191642   ,  67.06735943567806  , 2573.3808071158733 , 4942.5415812909305  , 4930.172044646541    , 12.36953664439036   , 10394.450854105111    , 10368.445361132586    , 26.005492972524795  , 2610.66630277503     , 2604.1132065577012   ,  6.553096217328789  ,            3777,     20276.260937349423  ,    121.1692378164609   , 165.99072376201048  , 20155.09169953296   ,        4080,           4021,           3815,           3777,          3447,          3814, 2757.119198353146
123456789,  5892.259038930818    ,  5878.047559528846    , 14.211479401972616 ,  61.36015599983313  , 25440.696467535756   , 2023.6672974478772  , 1971.4452649388852 ,  52.22203250899211  ,  65.25656681597815  , 2528.771360756178  , 5122.348525332869   , 5109.991569408107    , 12.356955924761877  , 10050.93816481156     , 10026.710942760705    , 24.227222050854117  , 2496.6998708789897   , 2490.6659702595703   ,  6.0339006194191205 ,            4171,     19321.29824031111   ,    111.50248392987336  , 161.6127051699089   , 19209.795756381234  ,        4080,           4091,           4163,           4171,          3596,          4164, 2877.7246193766186
123456789,  5699.896146817703    ,  5686.547178092724    , 13.348968724979603 ,  58.71566008880619  , 25071.08763179425    , 1953.7080312675037  , 1903.7734762008172 ,  49.934555066686656 ,  62.380642984736006 , 2440.665848171667  , 5129.773934695972   , 5117.744568788039    , 12.029365907932267  ,  9631.706000042443    ,  9609.166886082785    , 22.539113959658742  , 2360.9565588256096   , 2355.4239519354905   ,  5.5326068901190055 ,            4632,     18193.675419522853  ,    102.11937426523248  , 154.60896589660473  , 18091.55604525762   ,        4080,           4272,           4553,           4632,          3822,          4549, 3059.4405625407817
123456789,  5566.217682378803    ,  5553.07739532929     , 13.140287049512942 ,  54.604667810638524 , 23130.50440699944    , 1835.1100490410217  , 1788.3033946924088 ,  46.80665434861292  ,  58.00632575483458  , 2274.2063662108003 , 5171.243628779201   , 5159.02183328635     , 12.22179549285148   ,  9293.168601104036    ,  9271.246746638571    , 21.921854465465525  , 2268.296901219561    , 2262.9379509409814   ,  5.358950278579184  ,            4872,     17474.752427674168  ,     98.8008733188268   , 143.81264464733485  , 17375.951554355343  ,        4080,           4273,           4764,           4872,          4148,          4768, 3347.117744686053
123456789,  6307.790018059046    ,  6292.668369996232    , 15.121648062814447 ,  50.7495494184798   , 21169.48496044424    , 1865.3115853235274  , 1817.147380212224  ,  48.16420511130328  ,  53.97324134723206  , 2090.284935665381  , 5418.155328616012   , 5405.152228312101    , 13.00310030391067   , 10805.426951241569    , 10779.542372061636    , 25.884579179931045  , 2696.5442864230004   , 2690.0747328733305   ,  6.469553549669536  ,            4099,     20782.243778954275  ,    119.32989225906823  , 133.72215029717972  , 20662.913886695205  ,        4080,           4079,           4098,           4099,          4099,          4098, 3657.832507799845
123456789,  6320.886435652093    ,  6305.501836731665    , 15.384598920428227 ,  46.24143255559276  , 18998.66517921753    , 1875.626091947069   , 1826.4970710044593 ,  49.12902094260956  ,  49.23435850041591  , 1879.6476227672001 , 5414.817254242235   , 5401.623770655745    , 13.19348358649006   , 10838.42287430896     , 10812.062324633745    , 26.36054967521432   , 2706.7631521381704   , 2700.169836761064    ,  6.593315377106576  ,            4084,     20865.118118318504  ,    121.66830473144007  , 121.89932578009626  , 20743.449813587064  ,        4080,           4082,           4086,           4084,          4085,          4084, 4076.2600887521403
123456789,  6325.670539294161    ,  6310.042574576738    , 15.627964717423346 ,  42.78766462710045  , 17318.99671331439    , 1881.0438129672057  , 1831.0545475034505 ,  49.98926546375536  ,  45.606816538784166 , 1716.1368402504563 , 5418.02893405908    , 5404.628983078673    , 13.39995098040779   , 10852.825050719577    , 10826.032205828631    , 26.792844890945887  , 2707.7083027512003   , 2701.0133725527894   ,  6.694930198411116  ,            4083,     20875.70669606256   ,    123.59701275821313  , 112.84444746077268  , 20752.10968330435   ,        4080,           4080,           4081,           4083,          4080,          4083, 4472.055244607502
123456789,  6327.31565102592     ,  6311.451797080474    , 15.863853945445856 ,  42.47144038308126  , 16939.78086167583    , 1883.1657746570547  , 1832.3889022346616 ,  50.776872422393026 ,  45.31776197356779  , 1680.7033253793268 , 5418.557476529664   , 5404.957525549254    , 13.599950980410789  , 10853.868806939056    , 10826.675962048112    , 27.192844890944638  , 2709.297989331113    , 2702.499778108344    ,  6.79821122276932   ,            4081,     20890.755139974088  ,    125.55739190282803  , 112.05849688696067  , 20765.19774807126   ,        4080,           4080,           4081,           4081,          4081,          4081, 4572.609222773404
123456789,  6333.679289967007    ,  6317.567793814903    , 16.111496152103804 ,  45.470009129809796 , 17874.966571771896   , 1887.9733578027708  , 1836.3592714895283 ,  51.61408631324263  ,  48.56715552383838  , 1776.5207570814778 , 5419.142165624987   , 5405.342214644574    , 13.799950980413294  , 10868.328003123663    , 10840.701675980345    , 27.626327143316818  , 2713.5770353531543   , 2706.668814494227    ,  6.908220858927672  ,            4075,     20927.35979109341   ,    127.6432769131947   , 120.01976206373028  , 20799.716514180218  ,        4080,           4080,           4076,           4075,          4078,          4075, 4333.839231784776
123456789,  6325.704200324653    ,  6309.381718032304    , 16.322482292348695 ,  49.13219473955073  , 19040.959890079528   , 1889.7354405020612  , 1837.3974015505241 ,  52.33803895153703  ,  52.53127722690249  , 1896.7125688915628 , 5421.17470990799    , 5407.171348944099    , 14.003360963890918  , 10848.431307082381    , 10820.45908530353     , 27.972221778852116  , 2707.2851764247457   , 2700.2938667551894   ,  6.9913096695563475 ,            4085,     20883.511036618416  ,    129.22994227520775  , 129.73883443113937  , 20754.28109434321   ,        4080,           4079,           4084,           4085,          4084,          4085, 4068.976852681808
123456789,  6338.6751552926335   ,  6322.088675010412    , 16.586480282222254 ,  55.902852018877326 , 21363.786238715053   , 1903.4709568991846  , 1850.1783460344964 ,  53.2926108646881   ,  59.82815734179041  , 2136.9033728529685 , 5422.088909780667   , 5407.885498885668    , 14.20341089499848   , 10879.562928951584    , 10851.11529614792     , 28.447632803662973  , 2715.723864668342    , 2708.6119569835537   ,  7.1119076847883385 ,            4073,     20956.814316215412  ,    131.51103189064887  , 147.67516201366627  , 20825.303284324764  ,        4080,           4079,           4073,           4073,          4072,          4073, 3627.180262318201
123456789,  6417.184149333746    ,  6400.164875102157    , 17.01927423158927  ,  62.952381621772176 , 23736.442577335554   , 1979.7353922222983  , 1924.1030510456872 ,  55.63234117661115  ,  67.42288334757232  , 2399.314240346613  , 5433.43020712399    , 5419.002181270249    , 14.428025853741886  , 11060.208310532958    , 11030.898207855169    , 29.310102677789708  , 2766.335452971025    , 2758.9936979938816   ,  7.341754977143454  ,            4000,     21368.21190159173   ,    135.8140097735095   , 166.34461931051968  , 21232.397891818222  ,        4080,           4072,           4008,           4000,          3958,          4007, 3265.8467784877867
123456789,  6331.73910188058     ,  6314.724392241295    , 17.014709639284476 ,  68.28800308289777  , 25412.236146012096   , 2108.1316333541918  , 2049.2918387106965 ,  58.83979464349526  ,  73.13357538121566  , 2620.253939626524  , 5422.354691653177   , 5407.7656630923375   , 14.589028560838486  , 10869.422966312146    , 10840.23782323699     , 29.18514307515462   , 2709.2112565590273   , 2701.925806280765    ,  7.285450278262365  ,            4087,     20965.864926372444  ,    134.76588907944307  , 180.44005445972277  , 20831.099037293     ,        4080,           4083,           4081,           4087,          3794,          4082, 3052.471860069345
123456789,  6651.64809468709     ,  6633.618486756909    , 18.02960793017979  ,  75.97586790847109  , 28029.71306822756    , 2343.3989149420368  , 2278.6186819841187 ,  64.78023295791762  ,  81.30000441837463  , 2940.9950140587785 , 5552.416390907151   , 5537.34518778104     , 15.07120312611084   , 11514.055085194219    , 11482.87146561693     , 31.18361957728786   , 2897.026357786086    , 2889.1698822938365   ,  7.856475492249195  ,            3839,     22459.189123076685  ,    145.32062768731365  , 200.67463025862315  , 22313.86849538937   ,        4080,           4006,           3870,           3839,          3489,          3869, 2780.0519127535517
123456789,  6565.333347926354    ,  6547.481076053843    , 17.85227187251022  ,  76.05847967439155  , 27971.189132951953   , 2381.109871257899   , 2315.859724874197  ,  65.25014638370213  ,  81.31832866346409  , 2967.4703556394165 , 5552.550084583594   , 5537.430578868293    , 15.119505715300836  , 11317.077199702035    , 11286.329375806345    , 30.747823895688796  , 2832.937022123463    , 2825.2300480461518   ,  7.7069740773116955 ,            3965,     21988.54361331396   ,    142.52326629168007  , 200.81684803682     , 21846.02034702228   ,        4080,           4047,           3977,           3965,          3507,          3978, 2814.030577468773
123456789,  7070.999971890181    ,  7051.87763049369     , 19.122341396490704 ,  80.21994231249771  , 29663.48095536048    , 2525.9150742121797  , 2457.3124095378257 ,  68.60266467435378  ,  85.69842328228064  , 3155.372174425932  , 5788.070731878848   , 5772.400773298604    , 15.669958580244828  , 12296.804071833018    , 12263.574027788265    , 33.23004404475208   , 3129.028996274776    , 3120.5604537956897   ,  8.4685424790864    ,            3652,     24313.091198485414  ,    156.62612559230314  , 211.71568960528555  , 24156.465072893112  ,        4080,           3956,           3726,           3652,          3375,          3724, 2701.729908300622
123456789,  7221.893597950243    ,  7202.812001859318    , 19.081596090924176 ,  79.98704407962524  , 30273.039991259546   , 2531.770776581542   , 2463.6072926927063 ,  68.16348388883567  ,  85.38132641610376  , 3171.286658977043  , 5951.059306270064   , 5935.328045772962    , 15.731260497102895  , 12597.82243897943     , 12564.55765428571     , 33.26478469371984   , 3161.828024708243    , 3153.4606489202883   ,  8.367375787954607  ,            3741,     24563.794686643607  ,    154.76985093906376  , 211.01127337249267  , 24409.024835704542  ,        4080,           3992,           3769,           3741,          3437,          3769, 2743.900849984231
123456789,  7533.157523990332    ,  7513.828652756898    , 19.32887123343399  ,  81.44779994437937  , 31743.14213973141    , 2607.5741510729044  , 2537.948393262189  ,  69.62575781071548  ,  86.87315540340255  , 3253.5113666969523 , 6219.287745895486   , 6203.338524764226    , 15.949221131260414  , 13094.487663121643    , 13060.901731942358    , 33.585931179283286  , 3302.384147540237    , 3293.8891151182547   ,  8.495032421982447  ,            3729,     25638.00281738919   ,    157.13649323853852  , 214.7808466478766   , 25480.866324150655  ,        4080,           3988,           3779,           3729,          3404,          3781, 2728.1854617472854
123456789,  7572.25679905726     ,  7553.523053667655    , 18.73374538960509  ,  79.65525374176262  , 32196.980592112563   , 2561.869215404745   , 2494.005286285318  ,  67.8639291194269   ,  84.89459366942356  , 3204.778280568665  , 6449.3030179404295  , 6433.3580792814755   , 15.944938658953989  , 13016.011561524407    , 12983.821407775622    , 32.19015374878605   , 3249.517545258017    , 3241.4559937327963   ,  8.06155152522097   ,            3979,     25167.113062959397  ,    149.08501511114483  , 209.98217085533975  , 25018.028047848253  ,        4080,           4040,           3993,           3979,          3534,          3992, 2825.045920379198
123456789,  7333.351820575545    ,  7315.811680792487    , 17.540139783058383 ,  76.65226936685696  , 32047.524481853015   , 2485.0983472644566  , 2419.8280104558294 ,  65.27033680862749  ,  81.62831221265509  , 3107.9107859428536 , 6509.44499081644    , 6493.870120323603    , 15.57487049283742   , 12413.582334296194    , 12383.907222887683    , 29.67511140851082   , 3070.5637602028737   , 3063.208618702416    ,  7.355141500457408  ,            4421,     23682.630664438933  ,    135.92262609529493  , 202.0199665731449   , 23546.708038343637  ,        4080,           4189,           4389,           4421,          3720,          4390, 2974.5274200395797
123456789,  7002.395019464368    ,  6985.890506217969    , 16.50451324639809  ,  73.20042265863671  , 31056.855018695467   , 2388.1205944335065  , 2325.8355631807412 ,  62.28503125276525  ,  77.88746453752275  , 2986.346066929355  , 6478.865387902637   , 6463.575031609463    , 15.290356293173794  , 11685.476695298756    , 11657.95516057605     , 27.52153472270594   , 2864.951028723997    , 2858.195358816999    ,  6.755669906997873  ,            4885,     22034.443494377698  ,    124.69793263979989  , 192.89482101602732  , 21909.7455617379    ,        4080,           4322,           4799,           4885,          3949,          4798, 3157.935489075724
123456789,  7410.318499422027    ,  7392.656052001476    , 17.662447420550833 ,  66.44053979325723  , 27875.27398772037    , 2262.413344860301   , 2203.1253909241714 ,  59.287953936129874 ,  70.73004958653182  , 2699.0408243736742 , 6699.883321593224   , 6683.898663386365    , 15.98465820685806   , 12512.810453409329    , 12483.006508844734    , 29.80394456459546   , 3060.262374818631    , 3052.9625930162874   ,  7.299781802343343  ,            4583,     23543.67896551896   ,    134.69601497920232  , 175.13627323361902  , 23408.982950539757  ,        4080,           4186,           4490,           4583,          4205,          4491, 3524.751470680407
123456789,  8028.060268003833    ,  8008.6940059666695   , 19.36626203716385  ,  61.896306750561    , 25658.399127657744   , 2335.1671990781333  , 2273.2929943994627 ,  61.87420467867039  ,  65.9508116202643   , 2489.0206322330646 , 6876.352081541755   , 6859.748075608362    , 16.604005933392735  , 13768.244905608875    , 13735.053921997907    , 33.1909836109682    , 3437.894627431929    , 3429.5948963005044   ,  8.299731131424624  ,            4080,     26453.691712500735  ,    153.2023408902865   , 163.21613102986296  , 26300.48937161045   ,        4080,           4079,           4081,           4080,          4082,          4081, 3829.679988664866
123456789,  8020.861829963891    ,  8001.28124301934     , 19.580586944551186 ,  55.44777310088699  , 22713.25819194421    , 2337.08416724479    , 2274.4404044693547 ,  62.64376277543482  ,  59.130967394633046 , 2206.0304421249793 , 6873.549301225626   , 6856.753475411825    , 16.79582581379971   , 13755.904229183536    , 13722.345823773883    , 33.558405409650405  , 3433.1315874092734   , 3424.744044580076    ,  8.38754282919724   ,            4086,     26420.29781687333   ,    154.87627959340284  , 146.26306984099548  , 26265.42153727993   ,        4080,           4081,           4085,           4086,          4084,          4085, 4326.618326188531
123456789,  8024.765004782582    ,  8004.943105541935    , 19.82189924064639  ,  54.66359855656687  , 22130.196880060255   , 2341.1478158321015  , 2277.673603746258  ,  63.47421208584357  ,  58.34364463062514  , 2151.9147966727705 , 6874.088524194755   , 6857.09273884799     , 16.995785346764322  , 13763.718026266373    , 13729.743203831895    , 33.97482243447849   , 3435.924821219416    , 3427.4311156107765   ,  8.493705608639464  ,            4083,     26444.913445456288  ,    156.88947679003508  , 144.24355948482145  , 26288.023968666253  ,        4080,           4081,           4083,           4083,          4082,          4083, 4440.95900032972
123456789,  8033.2426659868415   ,  8013.1679867878065   , 20.074679199035533 ,  53.76651033900102  , 21515.63273186636    , 2346.1135013468906  , 2281.776722201988  ,  64.33677914490279  ,  57.43356825845604  , 2094.3800997281887 , 6876.29009648177    , 6859.090145501339    , 17.19995098043109   , 13781.63569205419     , 13747.219213388178    , 34.41647866601037   , 3441.2435792138417   , 3432.6373736705377   ,  8.606205543303945  ,            4077,     26488.723393878026  ,    159.02121298802868  , 141.92373624614405  , 26329.70218089      ,        4080,           4080,           4078,           4077,          4078,          4077, 4568.1540135595715
123456789,  8030.0176163169      ,  8009.719439434312    , 20.298176882587374 ,  58.717127122926435 , 23228.665702538547   , 2347.948213505322   , 2282.8588293442917 ,  65.08938416103057  ,  62.77223979978947  , 2264.3626175815666 , 6876.887577092738   , 6859.487626112304    , 17.399950980433882  , 13776.110611080616    , 13741.310958330723    , 34.79965274989088   , 3438.1801111332684   , 3429.482340978887    ,  8.69777015438093   ,            4081,     26468.856824466904  ,    160.76504777749906  , 155.04190522908152  , 26308.091776689405  ,        4080,           4080,           4080,           4081,          4081,          4081, 4231.64407719695
123456789,  8056.641340681771    ,  8036.044743633186    , 20.596597048585    ,  66.7053241173629   , 26092.702141999907   , 2356.4137042482917  , 2290.4443423938355 ,  65.96936185445556  ,  71.36914005512638  , 2549.2928074300744 , 6881.091289765698   , 6863.482723834375    , 17.608565931322673  , 13831.985021234674    , 13796.647874708397    , 35.33714652627525   , 3456.369515512942    , 3447.526712105031    ,  8.842803407910962  ,            4060,     26614.65219150592   ,    163.5021665282333   , 176.19093118776496  , 26451.150024977687  ,        4080,           4078,           4064,           4060,          4076,          4063, 3767.6104645658634
123456789,  8021.1048913618      ,  8000.369160432197    , 20.7357309296026   ,  73.05181090592953  , 28258.28709726696    , 2365.829198120307   , 2299.1080035311966 ,  66.72119458911055  ,  78.21851008789149  , 2773.5060221719027 , 6875.4623282085895  , 6857.671098419226    , 17.791229789363676  , 13759.667089898521    , 13724.120298480291    , 35.54679141822914   , 3431.5566760842894   , 3422.678778773776    ,  8.877897310514     ,            4090,     26434.758791551267  ,    164.19969253375527  , 193.0134920111361   , 26270.55909901751   ,        4080,           4082,           4086,           4090,          4079,          4087, 3479.4290050164564
123456789,  8120.168282089046    ,  8098.94943621796     , 21.218845871086465 ,  82.7089771753051   , 31651.618433125972   , 2557.2012026741845  , 2485.409509492848  ,  71.79169318133637  ,  88.58115413385927  , 3155.237379806783  , 6884.244384831082   , 6866.235654740534    , 18.008730090547985  , 13996.609381121307    , 13960.06114620745     , 36.548234913856206  , 3495.805064223442    , 3486.6635672121197   ,  9.141497011322427  ,            4016,     26967.788158295403  ,    169.0990071829751   , 218.54948713937944  , 26798.689151112427  ,        4080,           4078,           4018,           4016,          3834,          4017, 3107.312772661564
123456789,  8066.542558330913    ,  8045.24148336958     , 21.301074961333338 ,  87.50231287185281  , 33136.40893778656    , 2686.023988475393   , 2611.1937011779914 ,  74.83028729740154  ,  93.68726881836737  , 3362.89302833688   , 6899.7603184041545  , 6881.520439727596    , 18.23987867655858   , 13842.118238677267    , 13805.592131180332    , 36.52610749693553   , 3457.203488205116    , 3448.0677165127718   ,  9.135771692344335  ,            4063,     26713.9713163252    ,    168.9752452926423   , 231.18714850450684  , 26544.996071032558  ,        4080,           4071,           4065,           4063,          3718,          4066, 2969.65651449532
123456789,  8104.721487056292    ,  8083.118251802902    , 21.60323525339029  ,  91.88267187727338  , 34470.92328150313    , 2848.631447269001   , 2769.831885046648  ,  78.79956222235296  ,  98.31236866087012  , 3554.026153503363  , 6900.051416197684   , 6881.638308673914    , 18.413107523770474  , 13928.305465915097    , 13891.206554036002    , 37.098911879094764  , 3484.7608976020642   , 3475.4661480741975   ,  9.294749527867177  ,            4037,     26966.701920983895  ,    171.87698269192393  , 242.69326040335594  , 26794.82493829197   ,        4080,           4077,           4046,           4037,          3567,          4045, 2859.0302753940923
123456789,  8718.231753724576    ,  8694.915610595643    , 23.316143128935277 ,  97.85275863317943  , 36588.513923069586   , 3040.6324596523496  , 2957.1401516198175 ,  83.49230803253232  , 104.63024842470404  , 3810.4363996942316 , 7187.987976444474   , 7168.740696599186    , 19.247279845287366  , 15147.537890102627    , 15107.057360758661    , 40.48052934396531   , 3832.7216544311277   , 3822.4659528982293   , 10.255701532898568  ,            3695,     29695.895584033588  ,    189.65911021330544  , 258.3733859646636   , 29506.23647382028   ,        4080,           3942,           3746,           3695,          3399,          3747, 2712.316555444326
123456789,  9221.402692450965    ,  9196.961257976809    , 24.441434474156956 , 101.47403641633339  , 38284.6986175397     , 3186.9493034690436  , 3100.072776431134  ,  86.87652703790914  , 108.43308147174866  , 3977.7226973932716 , 7423.3007540093095  , 7403.611711847341    , 19.68904216196865   , 16184.186951158308    , 16141.3169459214      , 42.87000523690721   , 4117.35915521415     , 4106.434155787371    , 10.924999426778083  ,            3501,     31931.31002046446   ,    202.08578163980602  , 267.8355807713141   , 31729.224238824656  ,        4080,           3894,           3572,           3501,          3297,          3571, 2641.5546414090786
123456789,  9530.807940601766    ,  9506.162250776384    , 24.64568982538263  , 101.80656602408666  , 39369.91963878614    , 3212.5413186699698  , 3125.570513974449  ,  86.97080469552043  , 108.71983625180371  , 4015.9104810023937 , 7610.333286657264   , 7590.6657244021      , 19.66756225516342   , 16794.781557235307    , 16751.368620246005    , 43.412936989302985  , 4273.982112115284    , 4262.89946848536     , 11.0826436299238    ,            3483,     33166.61721585634   ,    205.06609585092946  , 268.6096579100244   , 32961.55112000541   ,        4080,           3939,           3562,           3483,          3324,          3563, 2659.045163923467
123456789,  8954.489966965595    ,  8932.12706844791     , 22.362898517686048 ,  95.74995705840492  , 38339.932953628144   , 3041.9376385985233  , 2960.1823780740874 ,  81.75526052443588  , 102.1840416444066   , 3802.0487042461687 , 7658.287945627867   , 7639.174306628475    , 19.11363899939212   , 15334.212800715619    , 15295.930547629627    , 38.282253085991826  , 3841.595977316805    , 3831.976318838794    ,  9.61965847801104   ,            4055,     29730.977527330284  ,    177.9512140316806   , 252.56277050020788  , 29553.026313298604  ,        4080,           4096,           4082,           4055,          3571,          4082, 2857.0805248506367
123456789,  9351.138399620106    ,  9328.55630098442     , 22.58209863568575  ,  96.5809702590299   , 39993.71512063879    , 3088.8329119263162  , 3006.3685295024457 ,  82.46438242387032  , 103.00369948368733  , 3858.1652789202903 , 8034.306086005549   , 8014.912918215071    , 19.39316779047854   , 16029.397118236584    , 15990.703815356308    , 38.693302880275525  , 3989.066646741602    , 3979.4083843236476   ,  9.658262417954619  ,            4081,     30793.328598354597  ,    178.6201510814978   , 254.68737263145576  , 30614.7084472731    ,        4080,           4079,           4081,           4081,          3575,          4080, 2862.131832575833
123456789,  8945.655601933842    ,  8924.657900576722    , 20.99770135712119  ,  92.20195557276587  , 39280.82061701683    , 2953.036515356253   , 2874.698507695066  ,  78.33800766118702  ,  98.26697504639603  , 3704.2806452350383 , 8063.015826891681   , 8044.078275176628    , 18.93755171505376   , 15083.651414714053    , 15048.267400025896    , 35.38401468815956   , 3707.671638457327    , 3698.958717281688    ,  8.712921175638174  ,            4576,     28506.269938269405  ,    161.01737598089153  , 243.09818333649685  , 28345.25256228851   ,        4080,           4221,           4512,           4576,          3802,          4513, 3030.937962496653
123456789,  8216.773030064345    ,  8197.582370276115    , 19.190659788229652 ,  86.51205836234067  , 37041.454320555684   , 2803.7700801207675  , 2729.8254741518085 ,  73.94460596895883  ,  92.13810949149487  , 3493.6162177886317 , 7848.08155437366    , 7829.734109449701    , 18.34744492395851   , 13635.612305312243    , 13603.786773397343    , 31.825531914898782  , 3289.5543752481594   , 3281.86608284382     ,  7.68829240433936   ,            5253,     25248.048438065576  ,    141.89332486285375  , 228.0837762736743   , 25106.155113202723  ,        4080,           4403,           5076,           5253,          4072,          5076, 3267.9467504528584
123456789,  9808.333280463366    ,  9785.194762595516    , 23.138517867849355 ,  80.09210937742688  , 33950.752869986834   , 2773.1795745106947  , 2699.514134046049  ,  73.66544046464576  ,  85.36062154719855  , 3213.451662667213  , 8472.478783227094   , 8452.473947227374    , 20.004835999720854  , 16752.8701958588      , 16713.37377765937     , 39.49641819942734   , 4182.516232970178    , 4172.642128420327    ,  9.874104549850511  ,            4132,     32111.86710615592   ,    182.2806210168267   , 211.21963037027083  , 31929.586485139094  ,        4080,           4079,           4132,           4132,          4132,          4132, 3565.8784399972064
123456789,  9895.743210606008    ,  9872.167098870255    , 23.576111735751443 ,  73.31520952743115  , 30773.033952628128   , 2813.4961104251793  , 2738.0735068458926 ,  75.42260357928674  ,  78.19394972164696  , 2916.875882829557  , 8473.20309448237    , 8452.998254111477    , 20.2048403708917    , 16976.121429555496    , 16935.701963343112    , 40.41946621238358   , 4238.253940557482    , 4228.149085236255    , 10.104855321227241  ,            4078,     32544.261700879728  ,    186.59463636232294  , 193.40348814001763  , 32357.667064517405  ,        4080,           4079,           4078,           4078,          4079,          4078, 3934.432281462592
123456789,  9900.493927787591    ,  9876.674810106793    , 23.81911768079593  ,  66.31638888863395  , 27564.6232704108     , 2818.719211759935   , 2742.4410471268225 ,  76.27816463311241  ,  70.77879304640676  , 2615.500054369186  , 8475.894462064238   , 8455.484593269657    , 20.409868794580635  , 16985.655298327714    , 16944.815954782105    , 40.839343545610404  , 4240.631041343756    , 4230.421227801082    , 10.20981354267435   ,            4076,     32565.898195283226  ,    188.58645934234545  , 174.99007797773007  , 32377.31173594088   ,        4080,           4078,           4076,           4076,          4076,          4076, 4392.697101244936
123456789,  9889.812201865856    ,  9865.786970547104    , 24.02523131875251  ,  64.5956178979854   , 26590.317554026016   , 2816.0497686358135  , 2739.1210712803068 ,  76.92869735550654  ,  68.99001988040389  , 2525.4467604537576 , 8468.136488721795   , 8447.546644784543    , 20.589843937251278  , 16961.78360312859     , 16920.604293555545    , 41.179309573046     , 4236.74676095004     , 4226.4469453525435   , 10.299815597496956  ,            4080,     32539.142513419825  ,    190.30277751602213  , 170.49727735738244  , 32348.839735903803  ,        4080,           4082,           4082,           4080,          4084,          4082, 4553.945636550372
123456789,  9883.986204855972    ,  9859.743403680635    , 24.242801175334844 ,  66.3490409003645   , 27051.040852153896   , 2821.0334632556664  , 2743.2480386008556 ,  77.78542465481065  ,  70.91035887330693  , 2571.69638349073   , 8468.677700996459   , 8447.887941074792    , 20.789759921665965  , 16954.559721140216    , 16913.000661394843    , 41.55905974536889   , 4230.796550480362    , 4220.411871087339    , 10.38467939302302   ,            4086,     32496.564793304056  ,    191.92176162876575  , 175.17311190151898  , 32304.643031675292  ,        4080,           4082,           4084,           4086,          4081,          4084, 4476.67058889725
123456789,  9893.599192346252    ,  9869.10125917084     , 24.497933175410914 ,  72.75319021738905  , 29381.69921607275    , 2824.6458196769076  , 2746.0605709633887 ,  78.58524871351891  ,  77.80604231006585  , 2796.63824642098   , 8473.446803274397   , 8452.446852293942    , 20.999950980453946  , 16968.280908699242    , 16926.29129830961     , 41.98961038963458   , 4237.335874442996    , 4226.835923462636    , 10.499950980360556  ,            4080,     32550.560515590823  ,    194.1042156859569   , 192.13249794322027  , 32356.456299904865  ,        4080,           4080,           4081,           4080,          4081,          4080, 4121.870107745868
123456789,  9950.68865008682     ,  9925.818455242015    , 24.870194844806136 ,  80.47922100318102  , 32200.136589256577   , 2850.84828374398    , 2770.9176278614073 ,  79.93065588257299  ,  86.12566989993057  , 3071.802870993956  , 8476.38753653335    , 8455.182400359594    , 21.205136173755516  , 17112.559512094973    , 17069.816793652495    , 42.74271844248094   , 4273.37349032909     , 4262.68528477755     , 10.688205551539804  ,            4046,     32834.21867100093   ,    197.64146315908388  , 212.5918304725865   , 32636.57720784184   ,        4080,           4079,           4047,           4046,          4053,          4048, 3761.4679649920436
123456789,  9961.558940739567    ,  9936.433110958502    , 25.125829781065217 ,  93.55527516436685  , 37091.56656268004    , 2967.396261512251   , 2884.137473915364  ,  83.25878759688722  , 100.15916378118128  , 3569.7364415090565 , 8475.901902534391   , 8454.501952427852    , 21.39995010653966   , 17141.185654726924    , 17097.979775380205    , 43.20587934672098   , 4280.521605254036    , 4269.717530726123    , 10.804074527913755  ,            4040,     32914.85470044903   ,    199.8202456520508   , 247.1720914500644   , 32715.03445479698   ,        4080,           4080,           4041,           4040,          3929,          4040, 3266.0394128573244
123456789,  9888.328326224291    ,  9863.15979488407     , 25.168531340221918 ,  96.88016767636034  , 38062.7257639208     , 2990.3145425899334  , 2906.595782376909  ,  83.7187602130244   , 103.74541868750906  , 3705.6381800082618 , 8480.00553345207    , 8458.40032233262     , 21.60521111945031   , 16952.327972115687    , 16909.208249253013    , 43.11972286267294   , 4231.278942404882    , 4220.501736057741    , 10.777206347142089  ,            4088,     32569.617363030407  ,    199.34327105724512  , 255.98327994088564  , 32370.274091973162  ,        4080,           4079,           4087,           4088,          3945,          4087, 3183.4707808658713
123456789, 10090.034982450574    , 10064.146155451483    , 25.888826999091904 , 108.66224878339344  , 42350.54340371023    , 3344.3916939565547  , 3251.3892496085064 ,  93.00244434804831  , 116.30798618675786  , 4182.464941331077  , 8550.04988416774    , 8528.089390427642    , 21.960493740099167  , 17378.791636560345    , 17334.231538860022    , 44.56009770032244   , 4349.646095607994    , 4338.47901984469     , 11.167075763304565  ,            3981,     33524.19934859878   ,    206.53007632160922  , 287.05497275390036  , 33317.66927227717   ,        4080,           4050,           3991,           3981,          3582,          3992, 2864.246614327829
123456789, 10198.944273383908    , 10172.66012110489     , 26.284152279018343 , 111.8556930996751   , 43402.95888085328    , 3470.7138590827653  , 3374.8125376721637 ,  95.90132141060158  , 119.65576652533757  , 4330.398383361083  , 8612.991041375664   , 8590.769737461029    , 22.221303914635683  , 17550.35901501434     , 17505.160045161294    , 45.19896985304575   , 4415.889838196106    , 4404.50337091966     , 11.38646727644732   ,            3939,     34068.11648305569   ,    210.56089878892095  , 295.4150461882399   , 33857.55558426677   ,        4080,           4039,           3970,           3939,          3503,          3969, 2807.573246628279
123456789, 10404.214485585624    , 10377.3262689708      , 26.888216614823328 , 113.93242708311205  , 44085.385997022575   , 3553.2061235374913  , 3455.647617245991  ,  97.55850629150042  , 121.80758478833133  , 4436.388712943204  , 8681.380174470778   , 8658.91935721671     , 22.46081725406779   , 18023.53714436923     , 17976.989741142974    , 46.54740322625649   , 4530.294786567972    , 4518.580910323236    , 11.713876244736037  ,            3862,     34984.60915188401   ,    216.60191357199412  , 300.8181470603811   , 34768.00723831202   ,        4080,           4032,           3889,           3862,          3472,          3890, 2780.804942752118
123456789, 10764.204991573186    , 10736.534114481825    , 27.6708770913596   , 116.33016360197206  , 45253.41656430112    , 3640.5479562613505  , 3541.1967089527266 ,  99.35124730862327  , 124.30193467529186  , 4554.821066672085  , 8884.053080574027   , 8861.193385160912    , 22.859695413114665  , 18674.05585604685     , 18626.083198083455    , 47.97265796339609   , 4733.792497730355    , 4721.615022889665    , 12.177474840689968  ,            3746,     36575.24259833088   ,    225.18238027931568  , 307.06280351787944  , 36350.06021805156   ,        4080,           3997,           3806,           3746,          3437,          3804, 2747.1031556487433
123456789, 10944.403603329758    , 10916.620195372667    , 27.78340795709136  , 117.44660471258852  , 46264.41240759386    , 3700.2515987811375  , 3599.838940326691  , 100.41265845444663  , 125.426355159861    , 4622.0175658442    , 9099.487307170684   , 9076.373523613254    , 23.11378355743011   , 19104.241880035774    , 19055.77111116503     , 48.470768870741814  , 4745.740933131919    , 4733.680866025665    , 12.060067106254532  ,            3814,     36663.47673907937   ,    223.00511507354594  , 309.9238773875777   , 36440.471624005826  ,        4080,           3988,           3799,           3814,          3428,          3800, 2744.3561821048497
123456789, 11147.055067545021    , 11119.220523925975    , 27.834543619046382 , 117.59844267321654  , 47095.30482256177    , 3721.63899131244    , 3621.240000456401  , 100.39899085603845  , 125.52056589976517  , 4652.857845294494  , 9379.961869259276   , 9356.53426610958     , 23.42760314969616   , 19157.483599076015    , 19109.668869800087    , 47.814729275928464  , 4848.3327694575555   , 4836.209646217092    , 12.123123240463757  ,            3826,     37437.011418670285  ,    224.15675570405992  , 310.24772470762764  , 37212.85466296622   ,        4080,           3969,           3884,           3826,          3456,          3884, 2764.319216625823
123456789, 10452.233978144182    , 10426.647794420569    , 25.586183723613782 , 110.79354063776277  , 45260.36483292168    , 3524.047117559559   , 3429.5199055141566 ,  94.52721204540207  , 118.18987972728996  , 4406.209555589306  , 9120.223192022773   , 9097.882317926345    , 22.340874096428106  , 17770.12412445831     , 17726.650043620837    , 43.474080837474325  , 4431.748909749652    , 4420.889626822438    , 10.85928292721399   ,            4311,     34154.81416446078   ,    200.71208548154195  , 292.2392693913441   , 33954.10207897924   ,        4080,           4199,           4311,           4311,          3702,          4311, 2960.826593609585
123456789,  9614.990523282528    ,  9591.579087875856    , 23.411435406671195 , 104.77365046107802  , 43030.15337478704    , 3347.327618064954   , 3258.0480089196185 ,  89.27960914533591  , 111.70135674205765  , 4187.977971424046  , 9001.64006019197    , 8979.699656743716    , 21.940403448252717  , 16065.43229735806     , 16026.340071781722    , 39.09222557633687   , 3889.7111301456866   , 3880.2349257772185   ,  9.476204368467625  ,            4992,     29938.13655094615   ,    174.98566323444496  , 276.3355277345468   , 29763.150887711705  ,        4080,           4314,           4841,           4992,          3955,          4842, 3161.1151777250925
123456789, 10700.388980464151    , 10674.12373660421     , 26.265243859942363 , 101.22588645276315  , 41239.15108927678    , 3292.318033377033   , 3204.5099563472636 ,  87.80807702976902  , 107.94468642942044  , 4047.329696313984  , 9402.927151856667   , 9379.8272861882      , 23.099865668466716  , 18168.684529262093    , 18124.114060639637    , 44.57046862245582   , 4514.147774094075    , 4503.059551097598    , 11.088222996477597  ,            4305,     34769.22527036174   ,    204.74127966813774  , 267.01356743623035  , 34564.4839906936    ,        4080,           4133,           4284,           4305,          4058,          4283, 3300.997838553041
123456789, 11106.338851435947    , 11078.846063052833    , 27.49278838311358  ,  87.95845644031212  , 35532.82440697784    , 3273.099998291755   , 3185.1369726483877 ,  87.9630256433672   ,  93.8534495468321   , 3492.282391431985  , 9523.525454593868   , 9499.931286497746    , 23.59416809612338   , 19036.683203985747    , 18989.58728811386     , 47.09591587188361   , 4754.157690706723    , 4742.380880530642    , 11.776810176080904  ,            4088,     36622.923100273205  ,    217.50847574085395  , 232.07388109542467  , 36405.41462453235   ,        4080,           4081,           4089,           4088,          4088,          4088, 3831.429218279838
123456789, 11119.865078288072    , 11092.107539901906    , 27.757538386165393 ,  83.23486392991825  , 33344.47182721596    , 3283.013873844829   , 3194.0999801913485 ,  88.9138936534805   ,  88.86632643744107  , 3281.2575248224116 , 9526.568977222347   , 9502.769026241884    , 23.799950980463137  , 19075.414891581084    , 19027.826653404132    , 47.58823817695271   , 4760.337599551133    , 4748.446367613881    , 11.89123193725219   ,            4083,     36674.948625451434  ,    219.67389174586307  , 219.66396975543745  , 36455.27473370557   ,        4080,           4080,           4081,           4083,          4081,          4083, 4083.1844248146517
123456789, 11135.04052039524     , 11107.01332052607     , 28.027199869169934 ,  78.01371395405145  , 30994.38652736927    , 3290.7190839144228  , 3200.873833050914  ,  89.84525086350874  ,  83.3409701530076   , 3052.4899014538078 , 9527.106250767709   , 9503.106299787243    , 23.99995098046587   , 19104.570405460625    , 19056.51209871212     , 48.05830674850496   , 4772.295010567841    , 4760.27458336436     , 12.020427203480823  ,            4073,     36770.14322375215   ,    222.1148041412424   , 205.93384516229767  , 36548.028419610906  ,        4080,           4080,           4075,           4073,          4075,          4073, 4393.030181873706
123456789, 11123.853595983       , 11095.622785352807    , 28.230810630193137 ,  74.87531020645379  , 29503.296933301892   , 3287.121377451579   , 3196.6526044905613 ,  90.4687729610176   ,  80.0343584111806   , 2907.9940166467595 , 9532.317651044514   , 9508.105869637131    , 24.211781407382674  , 19077.583517343115    , 19029.195791701077    , 48.38772564203932   , 4762.048543175964    , 4749.954618629235    , 12.093924546729964  ,            4082,     36694.23773948087   ,    223.5245842533752   , 197.6954545621331   , 36470.713155227495  ,        4080,           4078,           4081,           4082,          4083,          4082, 4615.31781265873
123456789, 11128.245501287867    , 11099.77214998487     , 28.473351302997628 ,  84.26822440207646  , 32934.56675067252    , 3295.6440101455482  , 3204.2415786593924 ,  91.40243148615598  ,  90.12572202993108  , 3249.6104440391478 , 9523.629707822822   , 9499.24171174239     , 24.387996080432423  , 19097.593501009094    , 19048.758230002284    , 48.83527100680754   , 4767.041448843118    , 4754.835661692619    , 12.205787150498113  ,            4078,     36736.58205704297   ,    225.6441670088437   , 222.54694113034415  , 36510.937890034125  ,        4080,           4082,           4077,           4078,          4077,          4078, 4134.754260779184
123456789, 11130.971604507073    , 11102.26027911407     , 28.711325393003207 ,  92.08118294929471  , 35698.56210705605    , 3299.177214251766   , 3207.0197346830223 ,  92.15747956874407  ,  98.53668988518652  , 3527.548751965399  , 9529.076697527627   , 9504.476746547154    , 24.59995098047372   , 19094.46493515141     , 19045.24169675431     , 49.223238397100644  , 4768.598638647414    , 4756.289857681087    , 12.308780966326896  ,            4077,     36753.86643072731   ,    227.60005527164637  , 243.23538217369435  , 36526.26637545566   ,        4080,           4080,           4078,           4077,          4079,          4077, 3814.927816216601
123456789, 11123.006302947937    , 11094.085078803304    , 28.92122414463328  ,  97.52589343485727  , 37508.13319490288    , 3306.1805090981024  , 3213.26797357525   ,  92.91253552285227  , 104.42040742708487  , 3715.6742504632125 , 9530.030317971636   , 9505.230366991162    , 24.799950980475554  , 19073.019749116098    , 19023.45681919527     , 49.56292992082409   , 4763.240775777527    , 4750.8470602498455   , 12.393715527682055  ,            4082,     36721.239597556356  ,    229.22137362027723  , 257.6751798790835   , 36492.01822393608   ,        4080,           4080,           4083,           4082,          4081,          4083, 3631.2447615523124
123456789, 11249.916019929798    , 11220.436500747903    , 29.479519181893906 , 108.94637129707402  , 41575.899532342104   , 3452.7062628814274  , 3355.56586486522   ,  97.1403980162077   , 116.691457157838    , 4147.618634282348  , 9541.068976364204   , 9516.044603180935    , 25.024373183268466  , 19384.978654781495    , 19334.213297428774    , 50.76535735272135   , 4843.584483898715    , 4830.8838744752165   , 12.700609423498172  ,            4015,     37364.64690810196   ,    234.94010071320062  , 287.89014263801164  , 37129.70680738876   ,        4080,           4076,           4018,           4015,          3936,          4019, 3276.543252644711
123456789, 11141.285172878132    , 11111.869000407369    , 29.41617247076392  , 120.76873400111202  , 45740.78788840165    , 3705.881028501859   , 3602.1598956060134 , 103.7211328958453   , 129.32930624021486  , 4620.842532699694  , 9528.565414715664   , 9503.383979630275    , 25.18143508538754   , 19126.226085341903    , 19075.759052779125    , 50.46703256277863   , 4774.1895889021      , 4761.576059687864    , 12.613529214236594  ,            4075,     36871.93871301296   ,    233.31156573462079  , 319.10584515468383  , 36638.62714727834   ,        4080,           4083,           4074,           4075,          3715,          4072, 2979.402116271842
123456789, 11151.930455290114    , 11122.273725229015    , 29.656730061097264 , 123.61858674638192  , 46484.75673268118    , 3805.9387935425516  , 3700.0021473652373 , 105.93664617731405  , 132.33958354437416  , 4754.505387019319  , 9542.313656174942   , 9516.913707004944    , 25.399949169996262  , 19139.81836843736     , 19088.951235687186    , 50.867132750175415  , 4777.594549113147    , 4764.881012799187    , 12.71353631395972   ,            4075,     36940.60240885261   ,    235.13167120371062  , 326.59408039727293  , 36705.4707376489    ,        4080,           4080,           4074,           4075,          3665,          4074, 2933.7995317906607
123456789, 11866.589001884233    , 11834.872355604004    , 31.716646280228677 , 133.43885315128924  , 49925.32984851629    , 4118.599620094262   , 4004.573315866781  , 114.0263042274814   , 142.78329464992717  , 5157.294425046071  , 9792.781504794226   , 9766.580451764023    , 26.201053030203393  , 20646.19474017665     , 20591.047991721218    , 55.146748455431684  , 5205.241804852186    , 5191.322227694574    , 13.91957715761111   ,            3749,     40289.78287223514   ,    257.4418989033429   , 352.4516401555285   , 40032.3409733318    ,        4080,           3986,           3786,           3749,          3429,          3788, 2738.388956177747
