seed      , A_avg_resp        , A_avg_wait        , A_avg_serv         , A_utilization     , A_avg_num_job     , B_avg_resp        , B_avg_wait        , B_avg_serv        , B_utilization     , B_avg_num_job     , A1_avg_resp       , A1_avg_wait       , A1_avg_serv        , A2_avg_resp       , A2_avg_wait       , A2_avg_serv        , A3_avg_resp       , A3_avg_wait       , A3_avg_serv        , total_completed, system_avg_response_time, system_avg_service_time, system_utilization, system_avg_wait   , system_throughput , job_arrived, completions_A1, completions_A2, completions_A3, completions_B, completions_P, horizon
 123456789, 31.936928617591672, 31.703595284258363, 0.23333333333331277, 0.8597971050798857, 117.68262330236013, 3609.1604644555923, 3608.360464455592 , 0.800000000000007 , 0.9826252629485361, 4433.065313011382 , 16.79407024127136 , 16.59407024127149 , 0.19999999999987128, 63.46963376990065 , 63.0696337699007  , 0.39999999999994945, 15.547081841642052, 15.44708184164193 , 0.10000000000012038,          126001,       3705.371250308368 ,      1.9000000000008441, 2.3337349995037897, 3703.471250308367 , 1.2282815786856593,      126001,         126001,         126001,         126001,        126001,        126001, 102583.15535011867
1261112113, 37.437549795636166, 37.20421646230286 , 0.23333333333330683, 0.8589400048849066, 137.8140394471985 , 3419.537800133332 , 3418.737800133332 , 0.8000000000000083, 0.9816457198685864, 4195.968306787115 , 20.659459227479026, 20.45945922747916 , 0.19999999999986134, 73.60887011710804 , 73.20887011710812 , 0.3999999999999244 , 18.044320042371535, 17.94432004237142 , 0.10000000000011802,          126044,       3532.250449520241 ,      1.900000000000828 , 2.331408584688884 , 3530.35044952024  , 1.2270571498357203,      126044,         126044,         126044,         126044,        126044,        126044, 102720.5619696482
  93071921, 32.38902652016049 , 32.155693186827186, 0.23333333333330625, 0.8582061180588723, 119.12768878961155, 3606.7216815387947, 3605.9216815387945, 0.8000000000000086, 0.980806992067407 , 4421.872304617908 , 17.035981707522105, 16.835981707522244, 0.19999999999986226, 64.38170032592284 , 63.981700325922894, 0.399999999999948  , 15.749397527078044, 15.64939752707793 , 0.1000000000001127 ,          125926,       3704.2887610992766,      1.9000000000008257, 2.329416606161079 , 3702.3887610992756, 1.2260087400842454,      125926,         125926,         125926,         125926,        125926,        125926, 102712.15520971487
1072515376, 32.97730683336062 , 32.743973500027316, 0.23333333333330905, 0.8596742523474141, 121.49889255601506, 3612.7350780786014, 3611.9350780786012, 0.8000000000000059, 0.9824848598257256, 4436.821895966888 , 17.437843971936697, 17.23784397193684 , 0.1999999999998562 , 65.50960595645053 , 65.10960595645058 , 0.399999999999947  , 15.984470571745094, 15.88447057174497 , 0.10000000000012364,          126256,       3712.066998578684 ,      1.9000000000008328, 2.333401542087104 , 3710.166998578683 , 1.228106074782148 ,      126256,         126256,         126256,         126256,        126256,        126256, 102805.4519007215
2051958831, 34.044440199132445, 33.81110686579914 , 0.23333333333331008, 0.8576991826463974, 125.14237942479842, 3603.08465863213  , 3602.28465863213  , 0.8000000000000091, 0.9802276373102774, 4414.8039524498   , 18.152680084289262, 17.9526800842894  , 0.1999999999998643 , 67.46555409172943 , 67.06555409172948 , 0.39999999999994484, 16.51508642142845 , 16.415086421428327, 0.10000000000012364,          125955,       3705.6179792295284,      1.900000000000838 , 2.328040638612909 , 3703.7179792295274, 1.2252845466378328,      125955,         125955,         125955,         125955,        125955,        125955, 102796.5302799412
 883918639, 32.36682929821827 , 32.133495964884965, 0.2333333333333083 , 0.8595760288215104, 119.23607397303925, 3613.5354926274763, 3612.7354926274766, 0.8000000000000093, 0.9823726043675571, 4437.29784108377  , 17.531394176524035, 17.331394176524185, 0.1999999999998539 , 63.8923116770488  , 63.49231167704886 , 0.39999999999994407, 15.676782041129172, 15.576782041129055, 0.10000000000011897,          126015,       3711.0359805221324,      1.9000000000008328, 2.333134935373944 , 3709.1359805221314, 1.2279657554594323,      126015,         126015,         126015,         126015,        126015,        126015, 102620.93990793142
1863362094, 25.346849762740373, 25.113516429407063, 0.2333333333333099 , 0.8553469983425713,  92.91579369429544, 3435.639490513722 , 3434.8394905137225, 0.8000000000000125, 0.9775394266773377, 4198.091322283441 , 12.487158634755287, 12.28715863475543 , 0.19999999999985832, 51.13851456251425 , 50.738514562514325, 0.39999999999992913, 12.41487609095999 , 12.314876090959869, 0.10000000000012033,          125638,       3512.080039801944 ,      1.900000000000839 , 2.3216561383596663, 3510.180039801943 , 1.221924283346653 ,      125638,         125638,         125638,         125638,        125638,        125638, 102819.79146522714
 695321902, 39.638278168278774, 39.40494483494546 , 0.2333333333333112 , 0.8599688056822394, 146.0900688671928 , 3566.0398101529013, 3565.239810152901 , 0.8000000000000083, 0.9828214922083771, 4380.975709361145 , 21.726511238944973, 21.52651123894511 , 0.19999999999986107, 77.96585191255815 , 77.5658519125582  , 0.39999999999995234, 19.222471353373688, 19.122471353373573, 0.10000000000011222,          125737,       3685.3546446577384,      1.9000000000008392, 2.3342010439959027, 3683.4546446577374, 1.2285268652604586,      125737,         125737,         125737,         125737,        125737,        125737, 102347.78217352425
1674765357, 33.58391647775079 , 33.35058314441748 , 0.23333333333331135, 0.8616101743921061, 124.01247485643218, 3521.3901840774815, 3520.5901840774814, 0.8000000000000066, 0.9846973421625079, 4334.379443722764 , 18.588764583526455, 18.388764583526587, 0.19999999999986773, 65.96551780997719 , 65.56551780997724 , 0.39999999999994235, 16.197467039799104, 16.097467039798985, 0.10000000000011594,          126102,       3622.541933510735 ,      1.9000000000008397, 2.3386561876369707, 3620.641933510734 , 1.2308716777031246,      126102,         126102,         126102,         126102,        126102,        126102, 102449.34730752224
 506725165, 35.91096864955126 , 35.67763531621795 , 0.23333333333330852, 0.8570922988638596, 131.91006288975066, 3765.189324010442 , 3764.3893240104417, 0.8000000000000098, 0.979534055844527 , 4610.16396196302  , 18.297867474829825, 18.097867474829975, 0.1999999999998513 , 71.88043464725737 , 71.48043464725743 , 0.3999999999999383 , 17.554603826617488, 17.45460382661737 , 0.10000000000011935,          126099,       3873.3222299590966,      1.9000000000008344, 2.326393382631745 , 3871.4222299590956, 1.2244175698056439,      126099,         126099,         126099,         126099,        126099,        126099, 102986.92464860345
1486168620, 37.43250946692816 , 37.199176133594854, 0.23333333333331216, 0.8611359354640913, 138.14776738531955, 3585.022493191332 , 3584.222493191332 , 0.8000000000000047, 0.9841553548161993, 4410.273854763438 , 20.510129513748293, 20.310129513748432, 0.1999999999998609 , 73.69759748713099 , 73.29759748713106 , 0.39999999999992747, 18.08980139995428 , 17.989801399954157, 0.10000000000011793,          126302,       3697.7200215921175,      1.900000000000841 , 2.3373689676894944, 3695.8200215921165, 1.230194193520242 ,      126302,         126302,         126302,         126302,        126302,        126302, 102668.34347395397
 318128428, 35.94559842677295 , 35.71226509343964 , 0.23333333333331133, 0.8606398466545423, 132.58377564825665, 3531.6096653629447, 3530.809665362945 , 0.8000000000000079, 0.9835883961767223, 4342.062858345645 , 20.69462452857187 , 20.49462452857199 , 0.19999999999988152, 69.90079077459782 , 69.50079077459786 , 0.39999999999994884, 17.24137997719402 , 17.141379977193907, 0.10000000000011149,          125580,       3639.8464606432644,      1.9000000000008386, 2.3360224409207233, 3637.9464606432634, 1.2294854952208907,      125580,         125580,         125580,         125580,        125580,        125580, 102140.28590669803
1297571883, 34.82204111431521 , 34.5887077809819  , 0.23333333333331166, 0.8593065457376454, 128.24060513776823, 3751.595246413948 , 3750.7952464139485, 0.8000000000000079, 0.9820646237002671, 4605.386217431485 , 17.95032780144492 , 17.750327801445053, 0.19999999999986928, 69.56786962552863 , 69.1678696255287  , 0.39999999999992897, 16.947925916018153, 16.84792591601802 , 0.10000000000012978,          126383,       3856.461369756895 ,      1.9000000000008432, 2.3324034812891465, 3854.561369756894 , 1.2275807796253217,      126383,         126383,         126383,         126383,        126383,        126383, 102952.89898443523
 129531691, 35.24344791770642 , 35.01011458437311 , 0.23333333333330913, 0.8589088656113886, 129.7324708767189 , 3467.287533133453 , 3466.487533133453 , 0.8000000000000101, 0.9816101321274154, 4254.405716903532 , 20.045043147948736, 19.84504314794887 , 0.19999999999986423, 68.77807027585243 , 68.3780702758525  , 0.39999999999994423, 16.907230329368335, 16.80723032936822 , 0.10000000000011608,          125582,       3573.4178768865736,      1.9000000000008341, 2.3313240638036055, 3571.5178768865726, 1.2270126651592537,      125582,         125582,         125582,         125582,        125582,        125582, 102347.76181686824
1108975146, 37.855445450194615, 37.62211211686131 , 0.23333333333330858, 0.8595250291721536, 139.44729794960077, 3562.844486355    , 3562.0444863549997, 0.8000000000000071, 0.9823143190540027, 4374.791444386361 , 21.213183457615592, 21.013183457615735, 0.19999999999985826, 74.14331916102402 , 73.74331916102408 , 0.39999999999994396, 18.209833731992713, 18.109833731992598, 0.10000000000011587,          125922,       3676.810822705585 ,      1.9000000000008312, 2.3329965077542565, 3674.910822705584 , 1.2278928988174924,      125922,         125922,         125922,         125922,        125922,        125922, 102551.28938465861
2088418601, 34.77320283459585 , 34.53986950126254 , 0.23333333333331074, 0.8592127822307928, 128.04677294825007, 3636.7302605086306, 3635.930260508631 , 0.8000000000000085, 0.9819574654067258, 4463.893036221199 , 18.366565099045836, 18.16656509904597 , 0.1999999999998642 , 69.09460608557309 , 68.69460608557314 , 0.3999999999999457 , 16.858437319215035, 16.75843731921491 , 0.1000000000001233 ,          126383,       3741.449869012419 ,      1.9000000000008408, 2.332148980341981 , 3739.549869012418 , 1.2274468317583942,      126383,         126383,         126383,         126383,        126383,        126383, 102964.13394863585
 920378409, 32.22056125297116 , 31.98722791963785 , 0.23333333333331405, 0.8614180820644772, 118.95160318961881, 3594.044265390524 , 3593.244265390524 , 0.8000000000000054, 0.9844778080737762, 4422.821025639705 , 18.5645490851011  , 18.36454908510123 , 0.19999999999986964, 62.74075071353991 , 62.34075071353997 , 0.39999999999994046, 15.356383960319002, 15.256383960318876, 0.10000000000012489,          126228,       3691.105949149438 ,      1.9000000000008472, 2.3381347941762454, 3689.205949149437 , 1.230597260092212 ,      126228,         126228,         126228,         126228,        126228,        126228, 102574.58235405253
1899821864, 33.640724550231965, 33.40739121689866 , 0.23333333333330883, 0.8578143803423917, 123.67498836141148, 3474.041099025221 , 3473.2410990252206, 0.8000000000000091, 0.9803592918199904, 4257.2605894923345, 18.346759256582523, 18.14675925658266 , 0.19999999999986492, 66.31528098035403 , 65.9152809803541  , 0.39999999999993163, 16.260133413809893, 16.160133413809774, 0.10000000000011867,          125735,       3575.363272675918 ,      1.900000000000833 , 2.3283533180734715, 3573.463272675917 , 1.225449114774974 ,      125735,         125735,         125735,         125735,        125735,        125735, 102603.19949971027
 731781672, 33.66606874508657 , 33.43273541175326 , 0.23333333333331094, 0.8595974999646129, 124.02543654392565, 3582.405286608592 , 3581.6052866085925, 0.8000000000000073, 0.9823971428168036, 4399.180897470077 , 18.053503276252087, 17.853503276252216, 0.1999999999998709 , 66.57780461823    , 66.17780461823007 , 0.3999999999999352 , 16.36689834082355 , 16.266898340823435, 0.10000000000011547,          125708,       3683.8034928438524,      1.9000000000008372, 2.3331932141909157, 3681.9034928438514, 1.2279964285209934,      125708,         125708,         125708,         125708,        125708,        125708, 102368.37590106309
1711225127, 32.35742084428922 , 32.12408751095592 , 0.2333333333333077 , 0.8567014075022397, 118.80277705906256, 3429.5523812804836, 3428.752381280484 , 0.8000000000000097, 0.9790873228598219, 4197.289074494244 , 17.099079277032732, 16.899079277032875, 0.19999999999985657, 64.27201476218062 , 63.872014762180676, 0.39999999999993435, 15.701168493701035, 15.60116849370092 , 0.10000000000011362,          125594,       3527.0246438133518,      1.9000000000008297, 2.325332391793064 , 3525.1246438133508, 1.2238591535747625,      125594,         125594,         125594,         125594,        125594,        125594, 102621.28581802348
 543184935, 31.24898793260777 , 31.01565459927446 , 0.23333333333331202, 0.8598518358742212, 115.15499847028555, 3493.9740994323374, 3493.1740994323377, 0.8000000000000079, 0.9826878124277809, 4291.857205563069 , 17.491353905546852, 17.29135390554698 , 0.19999999999987325, 61.22725854239789 , 60.82725854239794 , 0.3999999999999526 , 15.028351349925696, 14.928351349925583, 0.10000000000011386,          125769,       3588.121063230162 ,      1.9000000000008417, 2.3338835545169903, 3586.221063230161 , 1.2283597655347138,      125769,         125769,         125769,         125769,        125769,        125769, 102387.75603762294
1522628390, 40.464044465141704, 40.23071113180839 , 0.23333333333330958, 0.8609478944746008, 149.30328807511682, 3589.305767811815 , 3588.5057678118146, 0.8000000000000076, 0.9839404508282248, 4414.578919176339 , 22.473850574828493, 22.27385057482863 , 0.19999999999986703, 79.37425981967856 , 78.97425981967861 , 0.39999999999994396, 19.544023000956685, 19.44402300095657 , 0.10000000000011391,          125934,       3711.0979012072403,      1.9000000000008346, 2.336858570718038 , 3709.1979012072393, 1.2299255635352693,      125934,         125934,         125934,         125934,        125934,        125934, 102391.56233001471
 354588198, 31.15479579046534 , 30.921462457132026, 0.2333333333333118 , 0.85909523755418  , 114.70687153098969, 3541.7124692389143, 3540.912469238914 , 0.8000000000000093, 0.9818231286334504, 4346.669021585268 , 17.161156747528796, 16.961156747528925, 0.19999999999986975, 61.2861028394959  , 60.88610283949596 , 0.3999999999999456 , 15.017127784416049, 14.917127784415921, 0.10000000000012713,          125813,       3635.576856610311 ,      1.9000000000008423, 2.3318299305054517, 3633.67685661031  , 1.227278910791799 ,      125813,         125813,         125813,         125813,        125813,        125813, 102513.77978851579
1334031653, 43.958118565683414, 43.724785232350094, 0.23333333333331344, 0.8599421078067137, 162.00615914826193, 3826.1784630468956, 3825.378463046896 , 0.8000000000000062, 0.9827909803506213, 4700.4171033678285, 22.98774414752169 , 22.78774414752182 , 0.19999999999987148, 87.50019217025306 , 87.10019217025312 , 0.3999999999999349 , 21.386419379313423, 21.2864193793133  , 0.10000000000012578,          126654,       3958.452818743947 ,      1.900000000000848 , 2.334128578333749 , 3956.552818743946 , 1.228488725438267 ,      126654,         126654,         126654,         126654,        126654,        126654, 103097.40527314632
 165991461, 38.923402187462855, 38.69006885412954 , 0.23333333333331105, 0.8587881639522975, 143.25838756864826, 3634.1939454341077, 3633.3939454341075, 0.8000000000000076, 0.9814721873741573, 4458.575351208873 , 20.697161332337014, 20.497161332337146, 0.19999999999987036, 77.21703651115467 , 76.81703651115474 , 0.39999999999992925, 18.85600871894402 , 18.756008718943903, 0.10000000000011873,          126364,       3751.364151996497 ,      1.900000000000841 , 2.3309964450146334, 3749.464151996496 , 1.2268402342176852,      126364,         126364,         126364,         126364,        126364,        126364, 102999.55648306407
1145434916, 40.37348703497141 , 40.140153701638106, 0.23333333333330736, 0.8586765199210475, 148.57613718973136, 3775.827680332591 , 3775.0276803325914, 0.8000000000000085, 0.9813445941956027, 4631.735103385589 , 20.865880023829796, 20.66588002382993 , 0.19999999999986307, 80.4915782867605  , 80.09157828676055 , 0.3999999999999337 , 19.763002794377588, 19.663002794377476, 0.10000000000010911,          126190,       3897.3481414375065,      1.9000000000008301, 2.3306934112155497, 3895.4481414375055, 1.2266807427444903,      126190,         126190,         126190,         126190,        126190,        126190, 102871.10215627194
2124878371, 47.36665657993493 , 47.13332324660162 , 0.2333333333333119 , 0.8607311920181097, 174.72839477127246, 3737.9730627455283, 3737.173062745528 , 0.800000000000007 , 0.9836927908779386, 4596.27144289834  , 26.27755059885044 , 26.077550598850575, 0.19999999999986576, 92.99474404456724 , 92.5947440445673  , 0.39999999999993596, 22.827675096427026, 22.727675096426896, 0.1000000000001254 ,          126622,       3880.473032485334 ,      1.9000000000008441, 2.336270378336122 , 3878.573032485333 , 1.2296159885974125,      126622,         126622,         126622,         126622,        126622,        126622, 102976.86527680408
 956838179, 41.02824679446701 , 40.7949134611337  , 0.2333333333333092 , 0.8598120920825986, 151.1853544750093 , 3547.9674737392565, 3547.167473739257 , 0.8000000000000088, 0.9826423909516537, 4357.9790517672545, 21.911899364817927, 21.711899364818063, 0.19999999999986343, 81.25870125887448 , 80.85870125887455 , 0.3999999999999412 , 19.914139759754107, 19.81413975975399 , 0.10000000000011694,          126279,       3671.452214122659 ,      1.9000000000008361, 2.333775678511179 , 3669.552214122658 , 1.2283029886895536,      126279,         126279,         126279,         126279,        126279,        126279, 102807.69579069735
1936281634, 40.342198270211924, 40.10886493687862 , 0.23333333333331005, 0.8574136622561244, 148.2426512671223 , 3694.4290018490206, 3693.6290018490204, 0.8000000000000076, 0.9799013282928206, 4525.219857744175 , 20.78711084298519 , 20.587110842985318, 0.1999999999998714 , 80.53823871326752 , 80.13823871326757 , 0.39999999999994995, 19.701245254429296, 19.60124525442918 , 0.1000000000001179 ,          125988,       3815.855596659657 ,      1.9000000000008364, 2.3272656546964514, 3813.955596659656 , 1.2248766603660142,      125988,         125988,         125988,         125988,        125988,        125988, 102857.70320936038
 768241442, 31.500384165358774, 31.26705083202547 , 0.233333333333309  , 0.8581307262580518, 115.84906089098476, 3497.244888979617 , 3496.4448889796167, 0.8000000000000088, 0.9807208300093151, 4287.2761378323585, 16.433741191186506, 16.23374119118665 , 0.19999999999985732, 62.707228483675394, 62.30722848367544 , 0.3999999999999475 , 15.360182821257142, 15.260182821257027, 0.10000000000011355,          125816,       3592.146041475694 ,      1.9000000000008335, 2.329211971273119 , 3590.246041475693 , 1.2259010375116304,      125816,         125816,         125816,         125816,        125816,        125816, 102631.44915464382
1747684897, 33.62015030604414 , 33.386816972710825, 0.23333333333331022, 0.8586082903268506, 123.71374189203068, 3423.409151291393 , 3422.609151291393 , 0.8000000000000088, 0.9812666175165087, 4199.096397828413 , 17.5359831400896  , 17.335983140089734, 0.19999999999986431, 66.9694900878416  , 66.56949008784166 , 0.3999999999999409 , 16.354977690252213, 16.254977690252094, 0.10000000000012087,          126100,       3524.669602209526 ,      1.9000000000008388, 2.3305082166027113, 3522.769602209525 , 1.2265832718956224,      126100,         126100,         126100,         126100,        126100,        126100, 102805.90228914408
 579644705, 32.54944980103886 , 32.31611646770555 , 0.23333333333331013, 0.8587606327523032, 119.7950833152096 , 3561.459693684847 , 3560.659693684847 , 0.800000000000008 , 0.9814407231455968, 4369.201971529896 , 17.07709603357284 , 16.877096033572972, 0.19999999999986506, 64.74436900547602 , 64.3443690054761  , 0.3999999999999302 , 15.826884364110564, 15.726884364110445, 0.1000000000001181 ,          126199,       3659.5080430879643,      1.900000000000838 , 2.3309217174717967, 3657.6080430879633, 1.2268009039319836,      126199,         126199,         126199,         126199,        126199,        126199, 102868.36241766963
1559088160, 38.20718160481501 , 37.97384827148171 , 0.23333333333330777, 0.8581672093955842, 140.52064464290567, 3544.8673893258715, 3544.0673893258713, 0.8000000000000094, 0.9807625250236436, 4345.841364536465 , 20.183326573266026, 19.983326573266165, 0.19999999999986087, 75.83857971639696 , 75.43857971639702 , 0.399999999999946  , 18.599638524833743, 18.49963852483362 , 0.10000000000011959,          126039,       3659.8889341403174,      1.9000000000008312, 2.3293109969321457, 3657.9889341403164, 1.2259531562795403,      126039,         126039,         126039,         126039,        126039,        126039, 102808.98528170252
 391047968, 34.59029235951143 , 34.356959026178124, 0.2333333333333063 , 0.8586794375477792, 127.29416909092268, 3586.9006597482794, 3586.100659748279 , 0.8000000000000065, 0.981347928626155 , 4399.9969157896685, 17.632786876858237, 17.432786876858373, 0.199999999999866  , 69.24504361833438 , 68.84504361833446 , 0.39999999999992913, 16.89304658338787 , 16.793046583387756, 0.10000000000011429,          126259,       3691.0715368268147,      1.900000000000825 , 2.3307013304881115, 3689.1715368268137, 1.2266849107826838,      126259,         126259,         126259,         126259,        126259,        126259, 102927.00178356371
1370491423, 44.480967708079554, 44.24763437474625 , 0.23333333333331155, 0.86235823476958  , 164.3936948296532 , 3732.7503709407233, 3731.950370940723 , 0.8000000000000054, 0.9855522683081899, 4598.5257438860535, 24.078762546692367, 23.878762546692496, 0.1999999999998726 , 87.79937927863367 , 87.39937927863372 , 0.3999999999999456 , 21.56476129894856 , 21.464761298948442, 0.10000000000012002,          126642,       3866.5932740649628,      1.9000000000008415, 2.340686637232972 , 3864.6932740649618, 1.2319403353852292,      126642,         126642,         126642,         126642,        126642,        126642, 102798.80961962245
 202451231, 30.86563131152298 , 30.63229797818967 , 0.2333333333333085 , 0.8600441479545012, 113.76773821028306, 3847.9038207825333, 3847.103820782533 , 0.8000000000000084, 0.9829075976624021, 4727.667375651623 , 15.945182610232377, 15.745182610232519, 0.19999999999985874, 61.61941088947193 , 61.21941088947199 , 0.3999999999999389 , 15.032300434906006, 14.932300434905887, 0.10000000000011933,          126375,       3940.900714717103 ,      1.9000000000008341, 2.334405544449205 , 3939.000714717102 , 1.2286344970779897,      126375,         126375,         126375,         126375,        126375,        126375, 102858.09189026713
1181894686, 27.44314091734325 , 27.20980758400994 , 0.23333333333330844, 0.8577320899011863, 100.88083976780612, 3320.3280052222162, 3319.528005222216 , 0.8000000000000098, 0.9802652456014723, 4068.5026843957035, 14.366749121243489, 14.166749121243637, 0.19999999999985196, 54.61334290187077 , 54.21334290187084 , 0.3999999999999379 , 13.34933072895256 , 13.249330728952442, 0.10000000000011741,          125607,       3403.0574279742473,      1.900000000000832 , 2.328129958304488 , 3401.1574279742463, 1.2253315570018255,      125607,         125607,         125607,         125607,        125607,        125607, 102508.58168326181
  13854494, 30.159642670999403, 29.926309337666098, 0.23333333333330922, 0.8587012695193682, 110.99195764217303, 3525.928958060087 , 3525.1289580600874, 0.8000000000000088, 0.9813728794508187, 4325.313817888018 , 15.956163635806202, 15.75616363580634 , 0.19999999999986215, 59.8936258496742  , 59.49362584967426 , 0.3999999999999416 , 14.629138527557792, 14.529138527557675, 0.10000000000011731,          125858,       3616.807886073086 ,      1.9000000000008346, 2.330760588696693 , 3614.907886073085 , 1.22671609931351  ,      125858,         125858,         125858,         125858,        125858,        125858, 102597.49592463339
 993297949, 34.25707213578347 , 34.023738802450154, 0.2333333333333105 , 0.8568133144005206, 125.7939236499481 , 3582.994551802564 , 3582.1945518025636, 0.8000000000000114, 0.9792152164578475, 4385.653482013233 , 17.24407275061593 , 17.044072750616074, 0.1999999999998591 , 68.76410507522701 , 68.36410507522706 , 0.39999999999994146, 16.763038581556774, 16.66303858155665 , 0.10000000000012586,          126062,       3686.1657682099153,      1.9000000000008417, 2.325636139088385 , 3684.2657682099143, 1.224019020572292 ,      126062,         126062,         126062,         126062,        126062,        126062, 102990.2296298137
1972741404, 33.29428481520174 , 33.06095148186843 , 0.23333333333330927, 0.8583921284589645, 122.48379432018409, 3452.1823427018326, 3451.3823427018324, 0.800000000000009 , 0.981019575381786 , 4233.323069972266 , 17.601472196034337, 17.401472196034465, 0.1999999999998721 , 66.08971594764623 , 65.68971594764629 , 0.3999999999999435 , 16.19166630197363 , 16.091666301973518, 0.10000000000011063,          125904,       3552.465197147438 ,      1.9000000000008348, 2.329921491532739 , 3550.565197147437 , 1.2262744692272187,      125904,         125904,         125904,         125904,        125904,        125904, 102671.95734682707
 804701212, 30.821420951466337, 30.588087618133024, 0.23333333333330866, 0.8581991577215586, 113.36107500142631, 3498.0737748282386, 3497.273774828239 , 0.8000000000000086, 0.9807990373961814, 4288.6342388654075, 16.25445046111424 , 16.054450461114374, 0.1999999999998648 , 61.24832750661996 , 60.84832750662002 , 0.3999999999999383 , 14.961484886707899, 14.861484886707776, 0.1000000000001209 ,          126029,       3590.938037682639 ,      1.9000000000008335, 2.3293977138169275, 3589.038037682638 , 1.2259987967452135,      126029,         126029,         126029,         126029,        126029,        126029, 102797.00137926913
1784144667, 35.27933738336983 , 35.04600405003651 , 0.2333333333333144 , 0.863710170718478 , 130.59052506097547, 3562.8841778376377, 3562.0841778376375, 0.8000000000000053, 0.9870973379640614, 4396.141859272228 , 20.21483266583545 , 20.01483266583557 , 0.19999999999987794, 68.68800009919745 , 68.2880000991975  , 0.3999999999999447 , 16.93517938512274 , 16.83517938512263 , 0.10000000000011167,          126071,       3669.122189987748 ,      1.9000000000008472, 2.344356177665676 , 3667.222189987747 , 1.2338716724550687,      126071,         126071,         126071,         126071,        126071,        126071, 102175.13118617354
 616104475, 34.91757874894492 , 34.684245415611606, 0.2333333333333109 , 0.8591552724087742, 128.56980806531777, 3464.98795913534  , 3464.18795913534  , 0.8000000000000089, 0.9818917398958473, 4252.803819891903 , 18.518686996270606, 18.31868699627073 , 0.19999999999987578, 69.26312065086297 , 68.86312065086304 , 0.39999999999993613, 16.970928599745378, 16.870928599745262, 0.10000000000011688,          125871,       3570.1406953821756,      1.9000000000008397, 2.331992882253642 , 3568.2406953821746, 1.2273646748697955,      125871,         125871,         125871,         125871,        125871,        125871, 102553.8721923482
1595547930, 32.52122769575626 , 32.287894362422946, 0.23333333333330733, 0.8571869768087429, 119.47188364558788, 3574.19288382351  , 3573.3928838235097, 0.8000000000000087, 0.9796422592101116, 4376.787989451912 , 16.518438325597373, 16.318438325597516, 0.1999999999998557 , 65.15781178981058 , 64.75781178981063 , 0.39999999999993957, 15.887432971903008, 15.78743297190289 , 0.10000000000011895,          125935,       3672.1565669107795,      1.900000000000829 , 2.3266503656250053, 3670.2565669107785, 1.2245528240126262,      125935,         125935,         125935,         125935,        125935,        125935, 102841.62310559621
 427507738, 30.576184213973928, 30.34285088064062 , 0.23333333333330725, 0.8551015906994375, 112.05318753810454, 3449.4063094690923, 3448.6063094690926, 0.8000000000000115, 0.9772589607994805, 4213.70403170861  , 15.666498017606166, 15.46649801760631 , 0.19999999999985613, 61.14504950492277 , 60.74504950492282 , 0.3999999999999459 , 14.91700511943052 , 14.817005119430407, 0.10000000000011249,          125490,       3541.5348621110156,      1.9000000000008297, 2.320990031899746 , 3539.6348621110146, 1.221573700999333 ,      125490,         125490,         125490,         125490,        125490,        125490, 102728.1447671478
1406951193, 33.08417899907245 , 32.850845665739136, 0.23333333333331052, 0.8576002091052689, 121.59856640435764, 3628.2091104390356, 3627.409110439036 , 0.8000000000000088, 0.9801145246918426, 4445.075559700661 , 16.442902851859884, 16.24290285186002 , 0.19999999999986345, 66.61509109693519 , 66.21509109693524 , 0.3999999999999494 , 16.194543048458755, 16.094543048458632, 0.10000000000012035,          126244,       3727.8616474362543,      1.9000000000008404, 2.3277719961441297, 3725.9616474362533, 1.2251431558647896,      126244,         126244,         126244,         126244,        126244,        126244, 103044.28457659576
 238911001, 38.226984016245886, 37.99365068291257 , 0.23333333333331344, 0.8602519744283821, 140.93502204180226, 3703.868755550579 , 3703.068755550579 , 0.8000000000000059, 0.9831451136325278, 4551.800585694646 , 20.59121959834413 , 20.39121959834426 , 0.1999999999998686 , 75.58617184371315 , 75.1861718437132  , 0.3999999999999444 , 18.503560606727643, 18.403560606727517, 0.10000000000012232,          126388,       3818.949707599317 ,      1.9000000000008466, 2.3349696448782766, 3817.049707599316 , 1.2289313920406506,      126388,         126388,         126388,         126388,        126388,        126388, 102843.82091512179
1218354456, 43.65620597460594 , 43.422872641272626, 0.2333333333333143 , 0.8599360626387534, 160.89233946665192, 3704.1667240505994, 3703.3667240505993, 0.8000000000000071, 0.9827840715872358, 4550.495068625461 , 23.070569048301625, 22.87056904830175 , 0.1999999999998746 , 86.66822339567122 , 86.26822339567128 , 0.3999999999999307 , 21.229825479882546, 21.12982547988242 , 0.10000000000012536,          126585,       3835.535341974418 ,      1.9000000000008512, 2.3341121700207097, 3833.635341974417 , 1.2284800894840338,      126585,         126585,         126585,         126585,        126585,        126585, 103041.96305954472
  50314264, 29.45569268506657 , 29.22235935173326 , 0.2333333333333112 , 0.8558139692172095, 108.03682831222088, 3158.5159290690453, 3157.715929069045 , 0.80000000000001  , 0.978073107676916 , 3861.574362989455 , 16.136532301307376, 15.936532301307512, 0.19999999999986295, 58.019849166473676, 57.61984916647371 , 0.39999999999995833, 14.210696587461756, 14.110696587461641, 0.10000000000011632,          125307,       3247.283007124246 ,      1.900000000000839 , 2.3229236307336723, 3245.383007124245 , 1.2225913845961296,      125307,         125307,         125307,         125307,        125307,        125307, 102492.95192064016
1029757719, 35.742321623821354, 35.50898829048805 , 0.23333333333330558, 0.8576334215774225, 131.37346966869535, 3666.7817461992013, 3665.9817461992016, 0.80000000000001  , 0.9801524818028974, 4492.5065359583305, 17.781492108037735, 17.58149210803788 , 0.19999999999985182, 71.92769474768188 , 71.52769474768193 , 0.3999999999999548 , 17.517778015796086, 17.417778015795964, 0.10000000000012127,          126319,       3774.4087110706664,      1.9000000000008268, 2.3278621442828653, 3772.5087110706654, 1.2251906022536065,      126319,         126319,         126319,         126319,        126319,        126319, 103101.50907756701
